entity_type,name
microbe,ACK M1
microbe,Abiotrophia
microbe,Achromobacter
microbe,Achromobacter xylosoxidans
microbe,Acidaminococcaceae
microbe,Acidaminococcus
microbe,Acidimicrobiales
microbe,Acidobacteria
microbe,Acidovorax
microbe,Acinetobacter
microbe,Acinetobacter johnsonii
microbe,Actinobacillus
microbe,Actinobacillus actinomycetemcomitans serotype a
microbe,Actinobacteria
microbe,Actinomyces
microbe,Actinomyces odontolyticus
microbe,Actinomyces sp.
microbe,Actinomycetales
microbe,Adlercreutzia
microbe,Adlercreutzia equolifaciens
microbe,Adlercreutzia spp
microbe,Aeromonas
microbe,Agarivorans gilvus
microbe,Agathobacter_uc
microbe,Aggregatibacter
microbe,Aggregatibacter actinomycetemcomitans
microbe,Aggregatibacter segnis
microbe,Agrococcus
microbe,Akkermansia
microbe,Akkermansia muciniphila
microbe,Akkermansia muciniphilia
microbe,Akkermansia muciniphyla
microbe,Akkermansia mucinphila
microbe,Akkermansia municiphila
microbe,Akkermansia sp
microbe,Akkermansia spp
microbe,Akkermansia spp.
microbe,Akkermansiaceae
microbe,Alcaligenaceae
microbe,Alcaligeneaceae
microbe,Alistipes
microbe,Alistipes indistinctus
microbe,Alistipes shahii
microbe,Alistipes spp
microbe,Alkaliphilus
microbe,Alkanindiges
microbe,Allobaculum
microbe,Allobaculum spp
microbe,Allobaculum spp.
microbe,Allobaculum-like bacteria
microbe,Alloprevotella
microbe,Alphaproteobacteria
microbe,Alpinimonas
microbe,Altered bacterial composition
microbe,Alternaria brassicicola
microbe,Alteromonas
microbe,Ammoniphilus spp.
microbe,Amoxicillin-Clavulanate
microbe,Anaerococcus
microbe,Anaerococcus tetradius
microbe,Anaerofustis
microbe,Anaeroglobus
microbe,Anaerostipes
microbe,Anaerostipes hadrus
microbe,Anaerotruncus
microbe,Anoxybacillus
microbe,Aquabacterium
microbe,Arcobacter
microbe,Aspergillus clavatus
microbe,Atopobium
microbe,Atopobium parvulum
microbe,Atopobium sp.
microbe,Atopobium spp.
microbe,Atopobium vaginae
microbe,Bacilli
microbe,Bacillus
microbe,Bacillus clausii
microbe,Bacillus spp
microbe,Bacillus spp.
microbe,Bacillus subtilis
microbe,Bacteria typically residing in the lumen of healthy individuals
microbe,Bacteria typically residing on the mucosa of healthy individuals
microbe,Bacteriodes massiliensis
microbe,Bacteriodetes
microbe,Bacterioides
microbe,Bacteroidaceae
microbe,Bacteroidales
microbe,Bacteroidales Incertae Sedis
microbe,Bacteroidales S24-7
microbe,Bacteroidales_S24-7_group
microbe,Bacteroides
microbe,Bacteroides acidifaciens
microbe,Bacteroides coprocola
microbe,Bacteroides dorei
microbe,Bacteroides forsythus
microbe,Bacteroides fragilis
microbe,Bacteroides fragilis group
microbe,Bacteroides massiliensis
microbe,Bacteroides ovatus
microbe,Bacteroides plebeius
microbe,Bacteroides plebeus
microbe,Bacteroides sp
microbe,Bacteroides sp.
microbe,Bacteroides sp. CAG: 927
microbe,Bacteroides species
microbe,Bacteroides spp
microbe,Bacteroides spp.
microbe,Bacteroides thetaiotamicron
microbe,Bacteroides thetaiotaomicron
microbe,Bacteroides uniformis
microbe,Bacteroides ureolyticus
microbe,Bacteroides vulgatus
microbe,Bacteroides-Prevotella
microbe,Bacteroides-Prevotella group
microbe,Bacteroides/Prevotella
microbe,Bacteroidetes
microbe,Bacteroidetes Cluster 1
microbe,Bacteroidetes Cluster 2
microbe,Bacteroidetes RC9 gut group
microbe,Bacteroidetes fragilis
microbe,Bacteroidia
microbe,Barnesiella
microbe,Barnesiella spp
microbe,Barnesiellaceae
microbe,Bartonella quintana
microbe,Basidiomycota
microbe,Bergeyella
microbe,Betaproteobacteria
microbe,Bifico
microbe,Bifidobacter
microbe,Bifidobacteraceae
microbe,Bifidobacteria
microbe,Bifidobacteria bifidum
microbe,Bifidobacteria infantum
microbe,Bifidobacteriaceae
microbe,Bifidobacteriales
microbe,Bifidobacterium
microbe,Bifidobacterium adolescentis
microbe,Bifidobacterium adolescentis CCFM 667
microbe,Bifidobacterium adolescentis CCFM 669
microbe,Bifidobacterium angulatum
microbe,Bifidobacterium animalis
microbe,Bifidobacterium animalis subsp lactis 420
microbe,Bifidobacterium animalis subsp lactis BB12
microbe,Bifidobacterium animalis subsp. lactis
microbe,Bifidobacterium bifidum
microbe,Bifidobacterium bifidum BB-06
microbe,Bifidobacterium bifidum BGN4
microbe,Bifidobacterium bifidum CCFM16
microbe,Bifidobacterium bifidum HA-132
microbe,Bifidobacterium bifidum TMC3115
microbe,Bifidobacterium bifidum W23
microbe,Bifidobacterium breve
microbe,Bifidobacterium breve Bb99
microbe,Bifidobacterium breve HA-129
microbe,Bifidobacterium breve K-110
microbe,Bifidobacterium breve strain Yakult
microbe,Bifidobacterium catenulatum
microbe,Bifidobacterium catenulatum group
microbe,Bifidobacterium genus
microbe,Bifidobacterium infantis
microbe,Bifidobacterium lactis
microbe,Bifidobacterium lactis BL-4
microbe,Bifidobacterium lactis W52
microbe,Bifidobacterium longum
microbe,Bifidobacterium longum BB536
microbe,Bifidobacterium longum BORI
microbe,Bifidobacterium longum H-1
microbe,Bifidobacterium longum HA-135
microbe,Bifidobacterium longum subsp infantis
microbe,Bifidobacterium pseudocatenulatum
microbe,Bifidobacterium pseudolongum
microbe,Bifidobacterium pseudolongum strain Patronus
microbe,Bifidobacterium species
microbe,Bifidobacterium spp
microbe,Bifidobacterium spp.
microbe,Bilophila
microbe,Bilophila wadsworthia
microbe,Blastocystis
microbe,Blastomonas
microbe,Blautia
microbe,Blautia coccoides
microbe,Blautia faecis
microbe,Blautia glucerasea
microbe,Blautia luti
microbe,Blautia spp
microbe,Bordetella pertussis
microbe,Bosea
microbe,Brevundimonas
microbe,Bulleida
microbe,Bulleidia moorei
microbe,Burkholderia
microbe,Burkholderia cepacia complex
microbe,Burkholderiaceae
microbe,Butyricicoccus
microbe,Butyricicoccus pullicaecorum
microbe,Butyricimonas
microbe,Butyrivibrio
microbe,C. coccoides
microbe,Campylobacter
microbe,Campylobacter concisus
microbe,Campylobacter gracilis
microbe,Campylobacter jejuni
microbe,Campylobacter showae
microbe,Campylobacter sp.
microbe,Campylobacter spp
microbe,Campylobacter upsaliensis
microbe,Candida
microbe,Candida albicans
microbe,Candida glabrata
microbe,Candida spp.
microbe,Candidate-division TM7
microbe,Candidatus Endolissoclinum
microbe,Capnocytophaga
microbe,Capnocytophaga gingivalis
microbe,Capnocytophaga leadbetteri
microbe,Carnobacteriaceae
microbe,Catabacter
microbe,Catabacter hongkongensis
microbe,Catenibacterium
microbe,Catonella
microbe,Caudovirales bacteriophages
microbe,Caulobacteraceae
microbe,Cetobacterium
microbe,Chlamydia
microbe,Chlamydia pneumoniae
microbe,Chlamydia trachomatis
microbe,Chlamydophila pneumoniae
microbe,Chloroflexi
microbe,Cholera vibrio
microbe,Christensenella
microbe,Christensenella minuta
microbe,Christensenellaceae
microbe,Chromobacterium haemolyticum
microbe,Chromobacterium violaceum
microbe,Chryseomonas
microbe,Circulating microbiome
microbe,Citrobacter
microbe,Citrobacter freundii
microbe,Cloacibacterium
microbe,Clostidium leptum
microbe,Clostridia
microbe,Clostridia cluster IV
microbe,Clostridia spp
microbe,Clostridiaceae
microbe,Clostridiaceae 02d06
microbe,Clostridiaceae family
microbe,Clostridiaceae spp
microbe,Clostridiales
microbe,Clostridium
microbe,Clostridium III
microbe,Clostridium IV
microbe,Clostridium XI
microbe,Clostridium XIVa
microbe,Clostridium XIVb
microbe,Clostridium XVIII
microbe,Clostridium XlVa
microbe,Clostridium XlVb
microbe,Clostridium aminophilum
microbe,Clostridium baratii
microbe,Clostridium botulinum
microbe,Clostridium butyricum
microbe,Clostridium citroniae
microbe,Clostridium clostridioforme
microbe,Clostridium cluster XIVa
microbe,Clostridium clusters IV and XIVa
microbe,Clostridium clusters IV or XIVa
microbe,Clostridium coccoides
microbe,Clostridium coccoides group
microbe,Clostridium coccoides subgroup
microbe,Clostridium cocleatum
microbe,Clostridium colinum
microbe,Clostridium difficile
microbe,Clostridium groups
microbe,Clostridium histolyticum
microbe,Clostridium hylemonae
microbe,Clostridium lavalense
microbe,Clostridium leptum
microbe,Clostridium leptum group
microbe,Clostridium leptum subgroup
microbe,Clostridium lituseburense
microbe,Clostridium neonatale
microbe,Clostridium perfringens
microbe,Clostridium perfringens butyricum
microbe,Clostridium ramosum
microbe,Clostridium sensu stricto
microbe,Clostridium septicum
microbe,Clostridium sp.
microbe,Clostridium species
microbe,Clostridium spiroforme
microbe,Clostridium spp
microbe,Clostridium spp.
microbe,Clostridium tetani
microbe,Clostridium xylanolyticum
microbe,Collinsella
microbe,Collinsella aerofaciens
microbe,Collinsella spp
microbe,Collinsella spp.
microbe,Comamonas
microbe,Copococcus
microbe,Coprobacillus
microbe,Coprococcus
microbe,Coprococcus 3
microbe,Coprococcus catus
microbe,Coprococcus eutactus
microbe,Coprococcus3
microbe,Coprococcus_g2_uc
microbe,Coriobacteriaceae
microbe,Coriobacteriia
microbe,Cortinariaceae
microbe,Corynebacteriaceae
microbe,Corynebacterium
microbe,Corynebacterium durum
microbe,Corynebacterium spp.
microbe,Cronobacter
microbe,Cryptococcus neoformans
microbe,Cyanobacteria
microbe,Deferribacteraceae
microbe,Deinococcus
microbe,Delftia
microbe,Deltaproteobacteria
microbe,Desulfovibrio
microbe,Desulfovibrio species
microbe,Desulfovibrio spp
microbe,Desulfovibrio spp.
microbe,Desulfovibrionaceae
microbe,Desulfovibrionales
microbe,Devosia
microbe,Dialister
microbe,Dialister invisus
microbe,Dialister pneumosintes
microbe,Dorea
microbe,Dorea longicatena
microbe,Duodenibacillus massiliensis
microbe,E. coli
microbe,Eggerthella
microbe,Eggerthella lenta
microbe,Eggerthellales
microbe,Eikenella
microbe,Eisenbergiella
microbe,Elizabethkingia
microbe,Elusimicrobia
microbe,Enhydrobacter
microbe,Enterobacter
microbe,Enterobacter cloacae
microbe,Enterobacter cloacae B29
microbe,Enterobacter ludwigii
microbe,Enterobacter spp.
microbe,Enterobacteria
microbe,Enterobacteria phage
microbe,Enterobacteriaceae
microbe,Enterobacteriaceae Incertae Sedis
microbe,Enterobacteriaceae spp
microbe,Enterobacteriales
microbe,Enterococcaceae
microbe,Enterococcus
microbe,Enterococcus casseliflavus
microbe,Enterococcus faecalis
microbe,Enterococcus faecium
microbe,Enterococcus sp.
microbe,Enterococcus spp
microbe,Enterococcuss
microbe,Enterorhabdus
microbe,Erwinia
microbe,Erysipelatoclostridium
microbe,Erysipelotrichaceae
microbe,Erysipelotrichaceae Allobaculum spp.
microbe,Erysipelotrichales
microbe,Erysipelotrichi
microbe,Erysipelotrichia
microbe,Escherichia
microbe,Escherichia Shigella
microbe,Escherichia coli
microbe,Escherichia coli Nissle 1917
microbe,Escherichia coli O157
microbe,Escherichia coli strain NC101
microbe,Escherichia fergusonii
microbe,Escherichia phage
microbe,Escherichia-Shigella
microbe,Escherichia/Shigella
microbe,Escherichia/Shigella spp.
microbe,EscherichiaShigella
microbe,Escherichia_Shigella
microbe,Eubacteriaceae
microbe,Eubacterium
microbe,Eubacterium biforme
microbe,Eubacterium coprostanoligenes group
microbe,Eubacterium eligensgroup
microbe,Eubacterium hallii
microbe,Eubacterium ramulus
microbe,Eubacterium rectale
microbe,Eubacterium rectale-Clostridium coccoides
microbe,Eubacterium rectalie
microbe,Eubacterium spp
microbe,Eubacterium sulci
microbe,Eubacterium ventriosum
microbe,Eubacterium_eligens_group
microbe,Eubacterium_g4
microbe,Eubacterium_hallii_group
microbe,Euryarchaeota
microbe,Faecal microbiota transplantation (FMT)
microbe,Faecalbacterium
microbe,Faecalibacteria
microbe,Faecalibacterium
microbe,Faecalibacterium prausnitzi
microbe,Faecalibacterium prausnitzii
microbe,Faecalibacterium prausnitzii-like Butyrate-producing bacterium L2-6
microbe,Faecalibacterium spp
microbe,Faecalicoccus
microbe,Faecalitalea
microbe,Feacalibacterium prausnitzii
microbe,Fecalibacterium
microbe,Filifactor
microbe,Filifactor alocis
microbe,Filobasidium uniguttulatum
microbe,Finegoldia
microbe,Firmicutes
microbe,Firmicutes Cluster 1
microbe,Firmicutes Cluster 2
microbe,Flavobacterium
microbe,Flavonifractor
microbe,Fusicatenibacter
microbe,Fusicatenibacter saccharivorans
microbe,Fusobacteria
microbe,Fusobacteriaceae
microbe,Fusobacteriia
microbe,Fusobacterium
microbe,Fusobacterium mortiferum
microbe,Fusobacterium nucleatum
microbe,Fusobacterium periodonticum
microbe,Fusobacterium species
microbe,Fusobacterium spp
microbe,Fusobacterium ulcerans
microbe,Fusobacterium varium
microbe,Gamma-proteobacteria
microbe,Gammaproteobacteria
microbe,Gardnerella
microbe,Gardnerella vaginalis
microbe,Gemella
microbe,Gemella haemolysans
microbe,Gemella morbillorum
microbe,Gemella sanguinis
microbe,Gemellaceae
microbe,Gemmiger
microbe,Gibberella moniliformis
microbe,Gluconacetobacter
microbe,Gordonibacter
microbe,Gram-negative bacteria
microbe,Granulicatella
microbe,Granulicatella adiacens
microbe,Gut Microbes
microbe,Gut Microbiota
microbe,Gut microbiota
microbe,Gymnopilus
microbe,H2-consuming populations
microbe,HPV16
microbe,Haemophilus
microbe,Haemophilus influenza
microbe,Haemophilus influenzae
microbe,Haemophilus parainfluenzae
microbe,Haliangium
microbe,Halomonadaceae
microbe,Helicobacter
microbe,Helicobacter bilis
microbe,Helicobacter cagA
microbe,Helicobacter hepaticus
microbe,Helicobacter pullorum
microbe,Helicobacter pylori
microbe,Helicobacter rodentium
microbe,Helicobacter spp
microbe,Helicobacteraceae
microbe,Heligmosomoides polygyrus
microbe,Helotiales
microbe,Herbaspirillum
microbe,Hespellia porcina
microbe,Holdemania
microbe,Human papillomavirus 16
microbe,Hydrogenoanaerobacterium
microbe,Hydrogenophaga
microbe,Iamia
microbe,Incertae sedis XIV
microbe,Intestinibacter
microbe,Isoptericola
microbe,JC polyomavirus
microbe,Johnsonella ignava
microbe,Kingella
microbe,Klebsiella
microbe,Klebsiella oxytoca
microbe,Klebsiella pneumoniae
microbe,Klebsiella spp
microbe,Lachnoclostridium
microbe,Lachnospira
microbe,Lachnospiracea
microbe,Lachnospiracea incertae sedis
microbe,Lachnospiraceae
microbe,Lachnospiraceae ND3007 group
microbe,Lachnospiraceae NK4A
microbe,Lachnospiraceae NK4A136
microbe,Lachnospiraceae bacterium
microbe,Lachnospiraceae family
microbe,Lachnospiraceae genus
microbe,Lachnospiraceae incertae sedis
microbe,Lachnospiraceae spp
microbe,Lachnospiraceae strain CG19-1
microbe,LachnospiraceaeUCG001
microbe,LachnospiraceaeUCG004
microbe,Lachnospiraceae_Incertae_Sedis
microbe,Lachnospiraceae_NK4A136_group
microbe,Lachnospiraceae_UCG-004
microbe,Lachnospiraceae_uc
microbe,Lactobacillaceae
microbe,Lactobacillales
microbe,Lactobacilli
microbe,Lactobacillus
microbe,Lactobacillus GG
microbe,Lactobacillus acidophilus
microbe,Lactobacillus acidophilus DDS-1
microbe,Lactobacillus acidophilus HA-122
microbe,Lactobacillus acidophilus LA-14
microbe,Lactobacillus acidophilus group
microbe,Lactobacillus casei
microbe,Lactobacillus casei BL23
microbe,Lactobacillus casei CCFM419
microbe,Lactobacillus casei LC-11
microbe,Lactobacillus casei Shirota
microbe,Lactobacillus casei strain Shirota
microbe,Lactobacillus casei variety rhamnosus
microbe,Lactobacillus coleohominis
microbe,Lactobacillus crispatus
microbe,Lactobacillus delbrueckii
microbe,Lactobacillus delbrueckii ssp. bulgaricus
microbe,Lactobacillus fermentum
microbe,Lactobacillus fermentum CRL1446
microbe,Lactobacillus fermentus
microbe,Lactobacillus gasseri
microbe,Lactobacillus gasseri subgroup
microbe,Lactobacillus gasseri/johnsonii
microbe,Lactobacillus group
microbe,Lactobacillus iners
microbe,Lactobacillus jensenii
microbe,Lactobacillus johnsonii
microbe,Lactobacillus mucosae
microbe,Lactobacillus murinus
microbe,Lactobacillus paracasei
microbe,Lactobacillus paracasei CBA L74
microbe,Lactobacillus plantarum
microbe,Lactobacillus plantarum CCFM8610
microbe,Lactobacillus plantarum HA-119
microbe,Lactobacillus plantarum T4
microbe,Lactobacillus plantarum T8
microbe,Lactobacillus reuteri
microbe,Lactobacillus reuteri RC-14
microbe,Lactobacillus rhamnosus
microbe,Lactobacillus rhamnosus A 191
microbe,Lactobacillus rhamnosus GG
microbe,Lactobacillus rhamnosus HN001
microbe,Lactobacillus rhamnosus Lc705
microbe,Lactobacillus ruminis
microbe,Lactobacillus salivarius
microbe,Lactobacillus species
microbe,Lactobacillus spp
microbe,Lactobacillus spp.
microbe,Lactobacillus vaginalis
microbe,Lactobacillus-Bifidobacterium
microbe,Lactococcus
microbe,Lactococcus lactis
microbe,Lactococcus lactis LL-23
microbe,Lactococcus lactis W58
microbe,Lactonifactor
microbe,Legionella
microbe,Lentisphaeria
microbe,Leotiomycetes
microbe,Leptotrichia
microbe,Leuconostoc
microbe,Leuconostocaceae
microbe,Limnobacter
microbe,Listeria monocytogenes
microbe,Listeria sp.
microbe,Lutispora
microbe,Lysobacter sp.
microbe,ML615J-28
microbe,Malasseziomycetes
microbe,Marinobacter
microbe,Marvinbryantia
microbe,Marvinbryantia formatexigens
microbe,Massilia
microbe,Megamonas
microbe,Megasphaera
microbe,Methanobacteriales
microbe,Methanobrevibacter
microbe,Methanobrevibacter smithii
microbe,Methanobrevibacterium
microbe,Methylobacteriaceae
microbe,Methylobacterium
microbe,Methylobacterium radiotolerans
microbe,Microbacterium
microbe,Micrococcaceae
microbe,Micrococcus
microbe,Micrococcus luteus
microbe,Microvirgula
microbe,Mitsuokella
microbe,Mitsuokella multacida
microbe,Mixed lactic acid bacteria
microbe,Mogibacterium
microbe,Mollicutes
microbe,Monilinia
microbe,Moraxella
microbe,Moraxella catarrhalis
microbe,Moraxellaceae
microbe,Mucispirillum
microbe,Mucispirillum schaedleri
microbe,Murimonas
microbe,Mycobacterium avium paratuberculosis
microbe,Mycobacterium avium subsp. paratuberculosis
microbe,Mycobacterium avium subspecies paratuberculosis
microbe,Mycobacterium luteum
microbe,Mycobacterium paratuberculosis
microbe,Mycobacterium tuberculosis
microbe,Mycoplasma genitalium
microbe,Mycoplasma pneumoniae
microbe,Mycoplasmatales
microbe,Negativicutes
microbe,Neisseria
microbe,Neisseria elongata
microbe,Neisseria flavescens
microbe,Neisseria gonorrhoeae
microbe,Nocardioidaceae
microbe,Novispirillum
microbe,Oceanobacillus
microbe,Ochrobactrum
microbe,Odoribacter
microbe,Odoribacter spp
microbe,Odoribacteraceae
microbe,Olsenella
microbe,Opisthokonta
microbe,Oribacterium
microbe,Oscillibacter
microbe,Oscillibacter valericigenes
microbe,Oscillospira
microbe,Oxalobacter formigenes
microbe,Paenibacillus
microbe,Paeniclostridium
microbe,Paludibacter
microbe,Panax quinquefolius
microbe,Papillibacter cinnamivorans
microbe,Parabacteriodes
microbe,Parabacteroides
microbe,Parabacteroides distasonis
microbe,Parabacteroides goldsteinii
microbe,Parabacteroides sp
microbe,Paraprevotella
microbe,Parasporobacterium
microbe,Parasutterella
microbe,Parvimonas
microbe,Parvimonas micra
microbe,Parvimonas micra ATCC 33270
microbe,Pasteurellaceae
microbe,Pathogen Cluster
microbe,Pediococcus
microbe,Pelomonas
microbe,Peptoclostridium
microbe,Peptococcaceae
microbe,Peptococcus
microbe,Peptoniphilus
microbe,Peptostreptococcaceae
microbe,Peptostreptococcaceae incertae sedis
microbe,Peptostreptococcus
microbe,Peptostreptococcus anaerobius
microbe,Peptostreptococcus micros
microbe,Peptostreptococcus sp
microbe,Peptostreptococcus stomatis
microbe,Phascolarctobacterium
microbe,Pirellula
microbe,Planctomycetes
microbe,Pneumococcus
microbe,Pneumocystidomycetes
microbe,Porphyromonadaceae
microbe,Porphyromonas
microbe,Porphyromonas endodontalis
microbe,Porphyromonas gingivalis
microbe,Porphyromonas pasteri
microbe,Porphyromonas sp
microbe,Porphyromonas sp.
microbe,Porphyromondaceae
microbe,Prevotella
microbe,Prevotella 2
microbe,Prevotella Cluster
microbe,Prevotella copri
microbe,Prevotella denticola
microbe,Prevotella gingivalis
microbe,Prevotella intermedia
microbe,Prevotella melaninogenica
microbe,Prevotella multiformis
microbe,Prevotella nanceiensis
microbe,Prevotella nigrescens
microbe,Prevotella shahii
microbe,Prevotella sp. C561
microbe,Prevotella sp. CAG: 1031
microbe,Prevotella sp. oral taxon 300
microbe,Prevotella spp
microbe,Prevotella_9
microbe,Prevotellaceae
microbe,Propionibacterium
microbe,Propionibacterium acnes
microbe,Propionibacterium freundenreichii subsp. shermanii JS
microbe,Propionicimonas
microbe,Proteobacteria
microbe,Proteobacteria uncultured members
microbe,Proteus
microbe,Providencia
microbe,Psathyrella
microbe,Psathyrellaceae
microbe,Pseudoalteromonas
microbe,Pseudobutyrivibrio
microbe,Pseudomonaceae
microbe,Pseudomonadales
microbe,Pseudomonas
microbe,Pseudomonas aeruginosa
microbe,Pseudomonas putida
microbe,Pseudomonas spp
microbe,Pseudomonas spp.
microbe,Pseudomonas stutzeri
microbe,Pseudothermotoga
microbe,Pseudoxanthomonas
microbe,Psychrobacter
microbe,Pyramidobacter spp
microbe,Rahnella
microbe,Ralstonia
microbe,Rhodobacteraceae
microbe,Rickettsiales
microbe,Rikenella
microbe,Rikenellaceae
microbe,Romboutsia
microbe,Roseburia
microbe,Roseburia hominis
microbe,Roseburia intestinalis
microbe,Roseburia inulinivorans
microbe,Roseburia species
microbe,Roseburia spp
microbe,Roseburia spp.
microbe,Roseburia-E. rectale group
microbe,Roseburia_uc
microbe,Rothia
microbe,Rothia mucilaginosa
microbe,Rubrobacter
microbe,Ruminiclostridium
microbe,Ruminiclostridium5
microbe,Ruminiclostridium_5
microbe,Ruminiclostridium_9
microbe,Ruminoclostridium
microbe,Ruminococcaceae
microbe,Ruminococcaceae UCG 014
microbe,Ruminococcaceae UCG-005
microbe,Ruminococcaceae_UCG-005
microbe,Ruminococcaceae_UCG-014
microbe,Ruminococcus
microbe,Ruminococcus albus
microbe,Ruminococcus bromii
microbe,Ruminococcus callidus
microbe,Ruminococcus flavefaciens
microbe,Ruminococcus gauvreauii
microbe,Ruminococcus gnavus
microbe,Ruminococcus obeum
microbe,Ruminococcus productus-Clostridium coccoides
microbe,Ruminococcus torques
microbe,Ruminococcus-like microbe
microbe,Ruminococcus2
microbe,Ruminococcus_2
microbe,Ruminococcus_torques_group
microbe,S Typhi
microbe,S24-7
microbe,S24-7 family
microbe,Saccharibacteria
microbe,Saccharibacteria TM7
microbe,Saccharofermentans
microbe,Saccharomyces
microbe,Saccharomyces boulardii
microbe,Saccharomyces boulardii CNCM I745
microbe,Saccharomyces cerevisiae
microbe,Saccharomycetes
microbe,Saccharopolyspora
microbe,Salmonella
microbe,Salmonella enterica serovar Paratyphi A
microbe,Salmonella enterica serovar Typhi
microbe,Salmonella sp.
microbe,Salmonella typhi
microbe,Salmonella typhimurium
microbe,Sarcina
microbe,Sclegelella
microbe,Sclerotiniaceae
microbe,Segmented Filamentous Bacteria
microbe,Segmented filamentous bacteria
microbe,Segmented-filamentous bacteria
microbe,Selenomonadales
microbe,Selenomonas
microbe,Selenomonas sputigena
microbe,Serratia
microbe,Shigella
microbe,Shigella flexneri
microbe,Shigella sonnei
microbe,Shigella sp.
microbe,Slackia
microbe,Slackia exigua
microbe,Small intestinal bacterial overgrowth (SIBO)
microbe,Sneathia sanguinegens
microbe,Solibacillus
microbe,Solobacterium
microbe,Solobacterium moorei
microbe,Sphingobium
microbe,Sphingobium yanoikuyae
microbe,Sphingomonadaceae
microbe,Sphingomonas
microbe,Sphingomonas yanoikuyae
microbe,Spirochaetes
microbe,Spirochaetes phylum
microbe,Spirochmycetes
microbe,Spiroplasmataceae
microbe,Sporobacter
microbe,Staphylococcaceae
microbe,Staphylococci
microbe,Staphylococcus
microbe,Staphylococcus aureus
microbe,Staphylococcus epidermidis
microbe,Staphylococcus pasteuri
microbe,Staphylococcus spp
microbe,Stenotrophomonas
microbe,Stenotrophomonas maltophilia
microbe,Stomatobaculum
microbe,Stoquefichus massiliensis
microbe,Streptococcaceae
microbe,Streptococcus
microbe,Streptococcus Gallolyticus
microbe,Streptococcus alactolyticus
microbe,Streptococcus anginosus
microbe,Streptococcus bovis
microbe,Streptococcus constellatus
microbe,Streptococcus equi
microbe,Streptococcus faecium
microbe,Streptococcus gallolyticus
microbe,Streptococcus gordonii
microbe,Streptococcus infantus
microbe,Streptococcus intermedius
microbe,Streptococcus mitis
microbe,Streptococcus mitis oralis pneumoniae
microbe,Streptococcus mutans
microbe,Streptococcus parasanguinis I
microbe,Streptococcus pneumoniae
microbe,Streptococcus salivarius
microbe,Streptococcus sanguinis
microbe,Streptococcus sanguis
microbe,Streptococcus sp oral taxon 058
microbe,Streptococcus sp. oral taxon 058
microbe,Streptococcus species
microbe,Streptococcus spp
microbe,Streptococcus thermophilus
microbe,Streptomyces
microbe,Streptophyta
microbe,Subdoligranulum
microbe,Succinivibrio
microbe,Sulfuricurvum
microbe,Sutterella
microbe,Sutterella spp.
microbe,Synergistetes
microbe,Synergistetes phylum
microbe,Syntrophomonadaceae family
microbe,Syntrophomonas
microbe,TM7
microbe,Tannerella
microbe,Tannerella forsythia
microbe,Tenericutes
microbe,Terrisporobacter
microbe,Thiobacillus
microbe,Tissierella Soehngenia genus
microbe,Tissierellaceae
microbe,Treponema
microbe,Treponema denticola
microbe,Trichomonas vaginalis
microbe,Turicibacter
microbe,Turicibacter spp
microbe,Turicibacteriaceae
microbe,Tyzzerella_3
microbe,Ureaplasma
microbe,Veillonella
microbe,Veillonella dispar
microbe,Veillonella parvula
microbe,Veillonella spp
microbe,Veillonella spp.
microbe,Veillonellaceae
microbe,Veilonella
microbe,Veilonella dispar
microbe,Verrucomicrobia
microbe,Verrucomicrobiaceae
microbe,Verrucomicrobiae
microbe,Verrucomicrobium
microbe,Vibrio cholerae O1
microbe,Vibrio parahaemolyticus
microbe,Vibrio vulnificus
microbe,Weissella
microbe,Wolbachia
microbe,Xylariales
microbe,Yersinia Enterocolitica
microbe,Yersinia enterocolitica
microbe,Yersinia sp.
microbe,adherent-invasive Escherichia coli
microbe,alpha-Proteobacteria
microbe,arabacteroides
microbe,bacteria producing short chain fatty acids
microbe,bacterial species (unspecified)
microbe,bacterial translocation
microbe,bacteriophages
microbe,butyrate-producing bacteria
microbe,cecal microbiota
microbe,commensal microbes
microbe,f_Ruminococcaceae
microbe,facultative anaerobe
microbe,fecal microbiota
microbe,gamma-proteobacteria
microbe,gut microbes
microbe,gut microbiome
microbe,gut microbiota
microbe,gut microbiota from dusp6 deficient mice
microbe,herpes viruses
microbe,human firmicute strain CO19
microbe,human papillomavirus
microbe,human papillomavirus 16
microbe,human papillomaviruses
microbe,intestinal bacterial communities
microbe,intestinal commensal bacteria
microbe,intestinal commensals
microbe,intestinal dysbiosis
microbe,intestinal microbiota
microbe,lactate-producing bacteria
microbe,lactate-utilising bacteria
microbe,lactic acid bacteria
microbe,methanogen
microbe,methanogens
microbe,microbiota dysbiosis
microbe,obligate anaerobe
microbe,opportunistic oral pathogens
microbe,opportunistic pathogens
microbe,oral bacteria
microbe,polyomaviruses
microbe,probiotic mixture
microbe,probiotics
microbe,probiotics and Garcinia cambogia extract
microbe,reductive acetogens
microbe,segmented filamentous bacteria
microbe,staphylococci
microbe,sulfate reducing bacteria
microbe,sulphate-reducing population
microbe,toxigenic Bacteroides fragilis
microbe,unclassified Clostridiaceae
microbe,unclassified Firmicutes
microbe,unclassified Lachnospiraceae
microbe,unclassified Rikenellaceae
microbe,uncultured Clostridiales II
microbe,uncultured Coriobacteria
microbe,vancomycin-resistant enterococci
disease,ADHD
disease,Acute Lymphoblastic Leukemia
disease,Acute cholecystitis
disease,Alcoholic Liver Disease
disease,Alzheimer disease
disease,Alzheimer's disease
disease,Alzheimers disease
disease,Amyotrophic lateral sclerosis
disease,Ankylosing Spondylitis
disease,Anorexia nervosa
disease,Atherosclerosis
disease,Atherosclerotic cardiovascular disease
disease,Atopic dermatitis
disease,Attention-deficit/hyperactivity disorder
disease,Autism Spectrum Disorders
disease,Autism spectrum disorder
disease,Autism spectrum disorders
disease,Barrett's oesophagus
disease,Bladder cancer
disease,Cardiovascular Diseases
disease,Celiac Disease
disease,Celiac disease
disease,Cholelithiasis
disease,Chronic Kidney Disease
disease,Chronic Prostatitis/Chronic Pelvic Pain Syndrome
disease,Clostridium difficile infection
disease,Clostridium difficile infections
disease,Clostrium difficile-related diarrhea
disease,Coeliac disease
disease,Colorectal cancer
disease,Common variable immunodeficiency
disease,Coronary artery disease
disease,Coxiella burnetii vascular infection
disease,Crohn disease
disease,Crohn's disease
disease,Crohns disease
disease,Cystic Fibrosis
disease,Cystic echinococcosis
disease,Depression
disease,Diabetes mellitus type 2
disease,Enthesitis related Arthritis
disease,Experimental Autoimmune Arthritis
disease,Experimental Autoimmune Encephalomyelitis
disease,GIT neoplasms
disease,Gallbladder cancer
disease,Gastric cancer
disease,Graft-versus-host-disease
disease,Guillain-Barre syndrome
disease,HBV cirrhosis
disease,HIV infection
disease,Hashimoto thyroiditis
disease,Head and Neck Squamous Cell Cancer
disease,Helicobacter pylori infection
disease,Henoch-Schönlein Purpura
disease,Hepatocellular cancer
disease,Hepatocellular carcinoma
disease,Hirschsprung disease
disease,Hirschsprung-associated enterocolitis
disease,Hirschsprungs associated enterocolitis
disease,Hirschsprungs disease
disease,IgE-mediated atopic diseases
disease,Inflammation
disease,Inflammatory Bowel Disease
disease,Inflammatory Bowel Diseases
disease,Inflammatory bowel disease
disease,Inflammatory bowel diseases
disease,Irritable Bowel Syndrome
disease,Irritable Bowel Syndrome with constipation
disease,Irritable Bowel Syndrome with diarrhea
disease,Irritable bowel syndrome
disease,Irritable bowel syndrome (IBS)
disease,Laryngeal Squamous Cell Carcinoma
disease,Late onset sepsis
disease,Listeria monocytogenes infection
disease,Liver cirrhosis
disease,Lung cancer
disease,Metabolic syndrome
disease,Microscopic colitis
disease,Mild cognitive impairment
disease,Multiple Sclerosis
disease,Multiple system atrophy
disease,NAFLD
disease,Necrotizing Enterocolitis
disease,Necrotizing enterocolitis
disease,Nephrolithiasis
disease,Non-Oedematous Malnutrition
disease,Non-alcoholic Fatty Liver Disease
disease,Non-alcoholic fatty liver disease
disease,Nonalcoholic fatty liver disease
disease,Nonalcoholic steatohepatitis
disease,Norovirus infection
disease,Obesity
disease,Oedematous Malnutrition
disease,Oral squamous cell carcinoma
disease,Pancreatic ductal adenocarcinoma
disease,Parkinson disease
disease,Parkinson's disease
disease,Parkinson's disease with mild cognitive impairment
disease,Parkinsons disease
disease,Peripheral Arterial Disease
disease,Phenylketonuria
disease,Polycystic ovary syndrome
disease,Post-finasteride syndrome
disease,Preeclampsia
disease,Primary sclerosing cholangitis
disease,Progressive supranuclear palsy
disease,Prostate cancer
disease,Pulmonary Arterial Hypertension
disease,Rectal cancer
disease,Recurrent Clostridium difficile infection
disease,Rett syndrome
disease,Severe Acute Malnutrition
disease,Short bowel syndrome
disease,Spinal Cord Injury
disease,Systemic Lupus Erythematosus
disease,Traumatic brain injury
disease,Type 1 Diabetes
disease,Type 1 diabetes
disease,Type 1 diabetes mellitus
disease,Type 2 diabetes
disease,Type 2 diabetes mellitus
disease,Type II Diabetes
disease,Ulcerative Colitis
disease,Ulcerative colitis
disease,Wilson's disease
disease,abdominal bloating
disease,abdominal dysfunction
disease,acne
disease,acne vulgaris
disease,acute anterior uveitis
disease,acute diarrhea
disease,acute febrile diarrhea
disease,acute lymphocytic leukemia
disease,acute myocardial infarction
disease,acute pancreatitis
disease,acute respiratory tract infection
disease,adenoma
disease,adenomatous polyps
disease,adiposity
disease,advanced adenomas
disease,age-related dysbiosis
disease,age-related microbiota changes
disease,aging
disease,aging-associated immune changes
disease,alcohol addiction
disease,alcohol use disorder
disease,alcoholic liver disease
disease,allergic asthma
disease,allergic disease
disease,allergic reactions
disease,allergic rhinitis
disease,allergic sensitisation
disease,allergy
disease,amyotrophic lateral sclerosis
disease,anorexia nervosa
disease,antibiotic associated diarrhea
disease,antibiotic-associated diarrhea
disease,antibiotic-induced pseudomembranous colitis
disease,anxiety
disease,anxiety and depressive like behavior
disease,anxiety-like behavior
disease,arsenic exposure related diseases
disease,arterial stiffness
disease,asthma
disease,atherosclerosis
disease,atherosclerotic cardiovascular disease
disease,atopic dermatitis
disease,atopic disease
disease,atopic eczema
disease,autism
disease,autism spectrum disorder
disease,autistic disorder
disease,autoimmune hepatitis
disease,autoimmunity
disease,bacillary angiomatosis
disease,bacterial pneumonia
disease,biliary tract cancer
disease,bladder cancer
disease,bloodstream infection
disease,bloodstream infections
disease,brain disorders
disease,breast cancer
disease,calcium nephrolithiasis
disease,cancer
disease,cardiac disease
disease,cardiometabolic disease complications
disease,cardiometabolic diseases
disease,cardiometabolic disorders
disease,cardiovascular disease
disease,cardiovascular diseases
disease,celiac disease
disease,cervical cancer
disease,cervical intraepithelial neoplasia
disease,childhood mortality
disease,cholecystitis
disease,cholera
disease,cholesterol gallstones
disease,chronic HIV infection
disease,chronic bacteremia
disease,chronic constipation
disease,chronic gastritis
disease,chronic gastrointestinal inflammation
disease,chronic inflammation
disease,chronic kidney disease
disease,chronic nonbacterial prostate inflammation
disease,chronic pancreatitis
disease,cirrhosis
disease,coeliac disease
disease,cognitive decline
disease,cognitive deficits
disease,cognitive impairment
disease,colitis
disease,colitis associated colon cancer
disease,colitis-associated cancer
disease,colon adenocarcinoma
disease,colon cancer
disease,colon health
disease,colon neoplasms
disease,colonic inflammation
disease,colorectal adenoma
disease,colorectal adenomas
disease,colorectal cancer
disease,colorectal carcinoma
disease,constipated-irritable bowel syndrome
disease,constipation
disease,coronary artery disease
disease,coronary heart disease
disease,coronary heart disease complicated with nonalcoholic fatty liver disease
disease,cow milk protein allergy
disease,cystic fibrosis
disease,depression
disease,dextran sulphate sodium-induced colitis
disease,diabetes
disease,diabetes mellitus
disease,diarrhea
disease,diarrhea-predominant irritable bowel syndrome
disease,diarrheal diseases
disease,diet-induced obesity
disease,diverticular disease
disease,dry skin
disease,duodenal ulcer
disease,dysbiosis
disease,dysenteric diarrhea
disease,dyslipidemia
disease,early-stage lung cancer
disease,eczema
disease,end stage renal disease
disease,endocarditis
disease,endometrial cancer
disease,endotoxemia
disease,enteritis
disease,esophageal cancer
disease,esophageal squamous cell carcinoma
disease,exercise economy impairment
disease,exercise-induced fatigue
disease,experimental autoimmune encephalomyelitis
disease,familial Mediterranean fever
disease,febrile episodes
disease,fibrosis
disease,food allergy
disease,functional constipation
disease,fungal Keratitis
disease,gallbladder cancer
disease,gastric adenocarcinoma
disease,gastric cancer
disease,gastric carcinoma
disease,gastric mucosa-associated lymphoid tissue lymphoma
disease,gastric ulcer
disease,gastro-oesophageal reflux disease
disease,gastroduodenal ulcers
disease,gastrointestinal discomfort
disease,gastrointestinal diseases
disease,gastrointestinal disorders
disease,gastrointestinal distress
disease,gastrointestinal dysfunction
disease,gastrointestinal helminth infections
disease,gastrointestinal infections
disease,gastrointestinal symptoms
disease,gastrointestinal tract infections
disease,gestational diabetes mellitus
disease,gingival squamous cell carcinoma
disease,glucose metabolism disorder
disease,gut dysbiosis
disease,gut microbiota dysbiosis
disease,gut-related conditions
disease,harmful enzyme production
disease,head and neck squamous cell carcinoma
disease,head and neck squamous cell carcinomas
disease,heavy metal exposure
disease,hepatic diseases
disease,hepatic lipid metabolism disorder
disease,hepatic steatosis
disease,hepatic toxicity
disease,hepatitis B cirrhosis treated with liver transplant
disease,hepatitis B virus-related decompensated cirrhosis
disease,hepatocellular carcinoma
disease,high-grade squamous intraepithelial lesion
disease,human papilloma virus infection
disease,"hyperemesis, dyspepsia, gastric discomfort"
disease,hyperglycemia
disease,hypertension
disease,hyperthyroidism
disease,immune suppression
disease,immune system diseases
disease,immunological diseases
disease,immunosenescence
disease,impaired lipid and glucose metabolism
disease,infant botulism
disease,infant colic
disease,infection
disease,infectious colitis
disease,infectious diarrhea
disease,infectious diseases
disease,inflammation
disease,inflammatory bowel disease
disease,inflammatory bowel diseases
disease,inflammatory diseases
disease,insulin resistance
disease,intestinal atrophy
disease,intestinal bowel diseases
disease,intestinal discomfort
disease,intestinal health
disease,intestinal immune dysfunction
disease,intestinal infection
disease,intestinal inflammation
disease,intestinal metabolic perturbation
disease,intestinal microbiota dysbiosis
disease,intestinal microbiota imbalance
disease,intestinal microflora dysfunction
disease,intestinal permeability
disease,intestinal polyps
disease,iron-deficiency anaemia
disease,irritable bowel syndrome
disease,ischemic heart disease
disease,lactose intolerance
disease,laryngeal cancer
disease,laryngeal carcinoma
disease,late-onset sepsis
disease,leukemia
disease,lipid metabolism disorder
disease,lipid metabolism dysfunction
disease,liver cancer
disease,liver carcinoma
disease,liver cirrhosis
disease,liver disease
disease,liver inflammation
disease,low-grade inflammation
disease,lung cancer
disease,major depressive disorder
disease,meningitis
disease,metabolic diseases
disease,metabolic disorder
disease,metabolic disorders
disease,metabolic syndrome
disease,microbiota imbalance
disease,milk allergy
disease,multiple sclerosis
disease,myalgic encephalomyelitis/chronic fatigue syndrome
disease,myelination impairments
disease,necrotising enterocolitis
disease,necrotizing enterocolitis
disease,necrotizing fasciitis
disease,neonatal infection
disease,neuroblastoma
disease,neuromyelitis optica
disease,neuropathology
disease,non-HBV non-HCV related hepatocellular carcinoma
disease,non-alcoholic fatty liver disease
disease,non-alcoholic steatohepatitis
disease,non-celiac gluten sensitivity
disease,nonalcoholic steatohepatitis
disease,nosocomial diarrhea
disease,nosocomial infections
disease,obesity
disease,oesophageal adenocarcinoma
disease,oesophageal squamous cell carcinoma
disease,opportunistic pathogen infection
disease,opportunistic pulmonary infections
disease,oral cancer
disease,oral squamous cell carcinoma
disease,oral tongue cancer
disease,oropharyngeal cancer
disease,osmotic diarrhea
disease,osteoarthritis
disease,osteoporosis
disease,ovarian cancer
disease,ovarian carcinoma
disease,overweight
disease,oxidative stress-related ailments
disease,pancreatic cancer
disease,pancreatic head cancer
disease,pediatric multiple sclerosis
disease,pediatric obesity
disease,peptic ulcer
disease,peptic ulcer disease
disease,perceived stress
disease,periodontitis
disease,photo-ageing
disease,plaque psoriasis
disease,pneumonia
disease,postoperative delirium
disease,posttransplant complications
disease,posttransplant diarrhea
disease,pouchitis
disease,pre-cancerous pancreatic lesions
disease,preeclampsia
disease,pregnancy-related gastrointestinal issues
disease,preterm infant gut dysbiosis
disease,primary Sjogrens syndrome
disease,primary biliary cholangitis
disease,primary liver cancer
disease,primary sclerosing cholangitis
disease,prostate cancer
disease,protein-energy undernutrition
disease,pseudomembraneous colitis
disease,psoriasis
disease,pyogenic liver abscess
disease,reactive hypoglycemia
disease,rectal cancer
disease,rectal neoplasms
disease,recurrent wheeze
disease,refractory epilepsy
disease,relapsing-remitting multiple sclerosis
disease,respiratory infections
disease,respiratory tract infections
disease,rheumatoid arthritis
disease,sarcopenia
disease,sepsis
disease,septicemia
disease,severe acute malnutrition
disease,short bowel syndrome
disease,sinusitis
disease,skin diseases
disease,slow gastrointestinal transit
disease,small intestinal mucositis
disease,spondyloarthropathies
disease,spontaneous bacterial peritonitis
disease,squamous cell carcinoma
disease,stomach adenocarcinoma
disease,stomach cancer
disease,stomach neoplasms
disease,stress and depression
disease,stress-induced responses
disease,surgical site infections
disease,surgical-wound contamination
disease,systemic inflammation
disease,systemic lupus erythematosus
disease,throat cancer
disease,thrombosis
disease,thyroid cancer
disease,thyroid carcinoma
disease,thyroid nodules
disease,trench fever
disease,triple negative breast cancer (TNBC)
disease,type 1 diabetes
disease,type 1 diabetes mellitus
disease,type 2 diabetes
disease,type 2 diabetes mellitus
disease,type II diabetes
disease,type-2 diabetes mellitus (T2DM)
disease,typhoid fever
disease,ulcerative colitis
disease,urinary incontinence
disease,urinary tract infection
disease,ventilator-associated pneumonia
disease,viral diarrhea
disease,wound infection
