"disease","disease_external_has_mesh_id","disease_external_has_mesh_heading","disease_external_has_scientific_name","disease_external_has_hsdn","disease_external_hsdn_symptom_count","disease_external_pubmed_occurrence_sum","disease_external_tfidf_sum"
"AA amyloidosis","0.9828629","0.9804382","0.97801924","-0.12771519","-0.12691726","-0.12457799","-0.12488974"
"ADHD","-1.0174359","-1.019952","-1.0224748","-0.12771519","-0.12691726","-0.12457799","-0.12488974"
"Acne","0.9828629","0.9804382","0.97801924","-0.12771519","-0.12691726","-0.12457799","-0.12488974"
"Acquired Immunodeficiency Syndrome","0.9828629","0.9804382","0.97801924","-0.12771519","-0.12691726","-0.12457799","-0.12488974"
"Acute Lymphoblastic Leukemia","0.9828629","0.9804382","0.97801924","-0.12771519","-0.12691726","-0.12457799","-0.12488974"
"Acute cerbral infarction","0.9828629","0.9804382","0.97801924","-0.12771519","-0.12691726","-0.12457799","-0.12488974"
"Acute cholecystitis","-1.0174359","-1.019952","-1.0224748","-0.12771519","-0.12691726","-0.12457799","-0.12488974"
"Acute fatty liver","0.9828629","0.9804382","0.97801924","-0.12771519","-0.12691726","-0.12457799","-0.12488974"
"Acute lymphoblastic leukemia","-1.0174359","-1.019952","-1.0224748","-0.12771519","-0.12691726","-0.12457799","-0.12488974"
"Acute skin abscess","0.9828629","0.9804382","0.97801924","-0.12771519","-0.12691726","-0.12457799","-0.12488974"
"Adolescent idiopathic scoliosis","0.9828629","0.9804382","0.97801924","-0.12771519","-0.12691726","-0.12457799","-0.12488974"
"Aerobic vaginitis","0.9828629","0.9804382","0.97801924","-0.12771519","-0.12691726","-0.12457799","-0.12488974"
"Aggressive periodontitis","0.9828629","0.9804382","0.97801924","-0.12771519","-0.12691726","-0.12457799","-0.12488974"
"Alcoholic Liver Disease","-1.0174359","-1.019952","-1.0224748","-0.12771519","-0.12691726","-0.12457799","-0.12488974"
"Alcoholic cirrhosis","0.9828629","0.9804382","0.97801924","-0.12771519","-0.12691726","-0.12457799","-0.12488974"
"Alcoholic hepatitis","0.9828629","0.9804382","0.97801924","-0.12771519","-0.12691726","-0.12457799","-0.12488974"
"Alcoholism","0.9828629","0.9804382","0.97801924","-0.12771519","-0.12691726","-0.12457799","-0.12488974"
"Allergic asthma","0.9828629","0.9804382","0.97801924","-0.12771519","-0.12691726","-0.12457799","-0.12488974"
"Allergic rhinoconjunctivitis","0.9828629","0.9804382","0.97801924","-0.12771519","-0.12691726","-0.12457799","-0.12488974"
"Allergic sensitization","0.9828629","0.9804382","0.97801924","-0.12771519","-0.12691726","-0.12457799","-0.12488974"
"Allergy","0.9828629","0.9804382","0.97801924","-0.12771519","-0.12691726","-0.12457799","-0.12488974"
"Alopecia areata","0.9828629","0.9804382","0.97801924","-0.12771519","-0.12691726","-0.12457799","-0.12488974"
"Alopecia universalis","0.9828629","0.9804382","0.97801924","-0.12771519","-0.12691726","-0.12457799","-0.12488974"
"Alzheimer disease","0.9828629","0.9804382","0.97801924","-0.12771519","-0.12691726","-0.12457799","-0.12488974"
"Alzheimer's Disease","0.9828629","0.9804382","0.97801924","-0.12771519","-0.12691726","-0.12457799","-0.12488974"
"Alzheimer's disease","-1.0174359","-1.019952","-1.0224748","-0.12771519","-0.12691726","-0.12457799","-0.12488974"
"Alzheimers disease","0.9828629","0.9804382","0.97801924","-0.12771519","-0.12691726","-0.12457799","-0.12488974"
"Amyotrophic lateral sclerosis","0.9828629","0.9804382","0.97801924","-0.12771519","-0.12691726","-0.12457799","-0.12488974"
"Ankylosing Spondylitis","0.9828629","0.9804382","0.97801924","-0.12771519","-0.12691726","-0.12457799","-0.12488974"
"Ankylosing spondylitis","-1.0174359","-1.019952","-1.0224748","-0.12771519","-0.12691726","-0.12457799","-0.12488974"
"Anorexia Nervosa","0.9828629","0.9804382","0.97801924","-0.12771519","-0.12691726","-0.12457799","-0.12488974"
"Anorexia nervosa","-1.0174359","-1.019952","-1.0224748","-0.12771519","-0.12691726","-0.12457799","-0.12488974"
"Anovulation","0.9828629","0.9804382","0.97801924","-0.12771519","-0.12691726","-0.12457799","-0.12488974"
"Anti-N-methyl-D-aspartate receptor encephalitis","0.9828629","0.9804382","0.97801924","-0.12771519","-0.12691726","-0.12457799","-0.12488974"
"Antrochoanal polyps","0.9828629","0.9804382","0.97801924","-0.12771519","-0.12691726","-0.12457799","-0.12488974"
"Aphthous stomatitis","0.9828629","0.9804382","0.97801924","-0.12771519","-0.12691726","-0.12457799","-0.12488974"
"Aphthous ulcer","0.9828629","0.9804382","0.97801924","-0.12771519","-0.12691726","-0.12457799","-0.12488974"
"Appendicitis","0.9828629","0.9804382","0.97801924","-0.12771519","-0.12691726","-0.12457799","-0.12488974"
"Arsenic exposure","0.9828629","0.9804382","0.97801924","-0.12771519","-0.12691726","-0.12457799","-0.12488974"
"Ascites","0.9828629","0.9804382","0.97801924","-0.12771519","-0.12691726","-0.12457799","-0.12488974"
"Asthma","0.9828629","0.9804382","0.97801924","7.829923","8.843637","9.485281","9.658491"
"Atherosclerosis","0.9828629","0.9804382","0.97801924","-0.12771519","-0.12691726","-0.12457799","-0.12488974"
"Atherosclerotic cardiovascular disease","-1.0174359","-1.019952","-1.0224748","-0.12771519","-0.12691726","-0.12457799","-0.12488974"
"Atopic dermatitis","0.9828629","0.9804382","0.97801924","-0.12771519","-0.12691726","-0.12457799","-0.12488974"
"Atopic eczema","0.9828629","0.9804382","0.97801924","-0.12771519","-0.12691726","-0.12457799","-0.12488974"
"Atopic sensitisation","0.9828629","0.9804382","0.97801924","-0.12771519","-0.12691726","-0.12457799","-0.12488974"
"Atopic wheeze","0.9828629","0.9804382","0.97801924","-0.12771519","-0.12691726","-0.12457799","-0.12488974"
"Atopy","0.9828629","0.9804382","0.97801924","-0.12771519","-0.12691726","-0.12457799","-0.12488974"
"Atrial fibrillation","0.9828629","0.9804382","0.97801924","-0.12771519","-0.12691726","-0.12457799","-0.12488974"
"Atrophic gastritis","0.9828629","0.9804382","0.97801924","-0.12771519","-0.12691726","-0.12457799","-0.12488974"
"Attention Deficit Hyperactivity Disorder","0.9828629","0.9804382","0.97801924","-0.12771519","-0.12691726","-0.12457799","-0.12488974"
"Attention-deficit/hyperactivity disorder","-1.0174359","-1.019952","-1.0224748","-0.12771519","-0.12691726","-0.12457799","-0.12488974"
"Autism","0.9828629","0.9804382","0.97801924","-0.12771519","-0.12691726","-0.12457799","-0.12488974"
"Autism Spectrum Disorders","0.9828629","0.9804382","0.97801924","-0.12771519","-0.12691726","-0.12457799","-0.12488974"
"Autism spectrum disorder","0.9828629","0.9804382","0.97801924","-0.12771519","-0.12691726","-0.12457799","-0.12488974"
"Autism spectrum disorders","-1.0174359","-1.019952","-1.0224748","-0.12771519","-0.12691726","-0.12457799","-0.12488974"
"Autoimmune hepatitis","0.9828629","0.9804382","0.97801924","-0.12771519","-0.12691726","-0.12457799","-0.12488974"
"Autoimmune polyendocrine syndrome type 1","0.9828629","0.9804382","0.97801924","-0.12771519","-0.12691726","-0.12457799","-0.12488974"
"Azoospermia","0.9828629","0.9804382","0.97801924","-0.12771519","-0.12691726","-0.12457799","-0.12488974"
"Bacterial Vaginosis","0.9828629","0.9804382","0.97801924","-0.12771519","-0.12691726","-0.12457799","-0.12488974"
"Bacterial vaginosis","-1.0174359","-1.019952","-1.0224748","-0.12771519","-0.12691726","-0.12457799","-0.12488974"
"Barrett's oesophagus","0.9828629","0.9804382","0.97801924","-0.12771519","-0.12691726","-0.12457799","-0.12488974"
"Behcet's Disease","0.9828629","0.9804382","0.97801924","-0.12771519","-0.12691726","-0.12457799","-0.12488974"
"Biliary atresia","0.9828629","0.9804382","0.97801924","-0.12771519","-0.12691726","-0.12457799","-0.12488974"
"Biliary tract cancer","0.9828629","0.9804382","0.97801924","-0.12771519","-0.12691726","-0.12457799","-0.12488974"
"Bipolar disorder","0.9828629","0.9804382","0.97801924","-0.12771519","-0.12691726","-0.12457799","-0.12488974"
"Bladder cancer","0.9828629","0.9804382","0.97801924","-0.12771519","-0.12691726","-0.12457799","-0.12488974"
"Bleeding gum","0.9828629","0.9804382","0.97801924","-0.12771519","-0.12691726","-0.12457799","-0.12488974"
"Blepharitis","0.9828629","0.9804382","0.97801924","-0.12771519","-0.12691726","-0.12457799","-0.12488974"
"Botulism","0.9828629","0.9804382","0.97801924","-0.12771519","-0.12691726","-0.12457799","-0.12488974"
"Breast cancer","0.9828629","0.9804382","0.97801924","-0.12771519","-0.12691726","-0.12457799","-0.12488974"
"Bronchiectasis","0.9828629","0.9804382","0.97801924","-0.12771519","-0.12691726","-0.12457799","-0.12488974"
"Bronchiolitis","0.9828629","0.9804382","0.97801924","-0.12771519","-0.12691726","-0.12457799","-0.12488974"
"Budd-Chiari syndrome","0.9828629","0.9804382","0.97801924","-0.12771519","-0.12691726","-0.12457799","-0.12488974"
"Bullous pemphigoid","0.9828629","0.9804382","0.97801924","-0.12771519","-0.12691726","-0.12457799","-0.12488974"
"COPD","0.9828629","0.9804382","0.97801924","-0.12771519","-0.12691726","-0.12457799","-0.12488974"
"COPD Exacerbation","0.9828629","0.9804382","0.97801924","-0.12771519","-0.12691726","-0.12457799","-0.12488974"
"Cancer cachexia","0.9828629","0.9804382","0.97801924","-0.12771519","-0.12691726","-0.12457799","-0.12488974"
"Cardiac valve calcification","0.9828629","0.9804382","0.97801924","-0.12771519","-0.12691726","-0.12457799","-0.12488974"
"Cardiovascular Diseases","-1.0174359","-1.019952","-1.0224748","-0.12771519","-0.12691726","-0.12457799","-0.12488974"
"Cardiovascular disease","0.9828629","0.9804382","0.97801924","-0.12771519","-0.12691726","-0.12457799","-0.12488974"
"Caries","0.9828629","0.9804382","0.97801924","-0.12771519","-0.12691726","-0.12457799","-0.12488974"
"Celiac Disease","0.9828629","0.9804382","0.97801924","-0.12771519","-0.12691726","-0.12457799","-0.12488974"
"Celiac Disease, Coaliac disease","0.9828629","0.9804382","0.97801924","-0.12771519","-0.12691726","-0.12457799","-0.12488974"
"Celiac disease","-1.0174359","-1.019952","-1.0224748","-0.12771519","-0.12691726","-0.12457799","-0.12488974"
"Cerebral autosomal dominant arteriopathy with subcortical infarcts and leukoencephalopathy","0.9828629","0.9804382","0.97801924","-0.12771519","-0.12691726","-0.12457799","-0.12488974"
"Cervical cancer","0.9828629","0.9804382","0.97801924","-0.12771519","-0.12691726","-0.12457799","-0.12488974"
"Cervical intraneoplasia","0.9828629","0.9804382","0.97801924","-0.12771519","-0.12691726","-0.12457799","-0.12488974"
"Cervicitis","0.9828629","0.9804382","0.97801924","-0.12771519","-0.12691726","-0.12457799","-0.12488974"
"Chagas' disease","0.9828629","0.9804382","0.97801924","-0.12771519","-0.12691726","-0.12457799","-0.12488974"
"Chlamydia","0.9828629","0.9804382","0.97801924","-0.12771519","-0.12691726","-0.12457799","-0.12488974"
"Cholelithiasis","-1.0174359","-1.019952","-1.0224748","-0.12771519","-0.12691726","-0.12457799","-0.12488974"
"Cholestasis","0.9828629","0.9804382","0.97801924","-0.12771519","-0.12691726","-0.12457799","-0.12488974"
"Chronic Kidney Disease","0.9828629","0.9804382","0.97801924","-0.12771519","-0.12691726","-0.12457799","-0.12488974"
"Chronic Obstructive Pulmonary Disease","0.9828629","0.9804382","0.97801924","-0.12771519","-0.12691726","-0.12457799","-0.12488974"
"Chronic Prostatitis/Chronic Pelvic Pain Syndrome","-1.0174359","-1.019952","-1.0224748","-0.12771519","-0.12691726","-0.12457799","-0.12488974"
"Chronic Rhinosinusitis","0.9828629","0.9804382","0.97801924","-0.12771519","-0.12691726","-0.12457799","-0.12488974"
"Chronic Rhinosinusitis with asthma","0.9828629","0.9804382","0.97801924","-0.12771519","-0.12691726","-0.12457799","-0.12488974"
"Chronic Rhinosinusitis with cystic fibrosis","0.9828629","0.9804382","0.97801924","-0.12771519","-0.12691726","-0.12457799","-0.12488974"
"Chronic alcoholic pancreatitis","0.9828629","0.9804382","0.97801924","-0.12771519","-0.12691726","-0.12457799","-0.12488974"
"Chronic fatigue syndrome","0.9828629","0.9804382","0.97801924","-0.12771519","-0.12691726","-0.12457799","-0.12488974"
"Chronic granulomatous disease","0.9828629","0.9804382","0.97801924","-0.12771519","-0.12691726","-0.12457799","-0.12488974"
"Chronic kidney disease","-1.0174359","-1.019952","-1.0224748","-0.12771519","-0.12691726","-0.12457799","-0.12488974"
"Chronic liver disease","0.9828629","0.9804382","0.97801924","-0.12771519","-0.12691726","-0.12457799","-0.12488974"
"Chronic lung disease","0.9828629","0.9804382","0.97801924","-0.12771519","-0.12691726","-0.12457799","-0.12488974"
"Chronic mucocutaneous candidiasis","0.9828629","0.9804382","0.97801924","-0.12771519","-0.12691726","-0.12457799","-0.12488974"
"Chronic ocular graft-versus-host disease","0.9828629","0.9804382","0.97801924","-0.12771519","-0.12691726","-0.12457799","-0.12488974"
"Chronic pancreatitis","0.9828629","0.9804382","0.97801924","-0.12771519","-0.12691726","-0.12457799","-0.12488974"
"Chronic prostatitis / Chronic pelvic pain syndrome","0.9828629","0.9804382","0.97801924","-0.12771519","-0.12691726","-0.12457799","-0.12488974"
"Chronic rhinosinusitis with nasal polyps","0.9828629","0.9804382","0.97801924","-0.12771519","-0.12691726","-0.12457799","-0.12488974"
"Chronic stress","0.9828629","0.9804382","0.97801924","-0.12771519","-0.12691726","-0.12457799","-0.12488974"
"Chronic urticaria","0.9828629","0.9804382","0.97801924","-0.12771519","-0.12691726","-0.12457799","-0.12488974"
"Cirrhosis","0.9828629","0.9804382","0.97801924","-0.12771519","-0.12691726","-0.12457799","-0.12488974"
"Cirrhosis with pneumonia","0.9828629","0.9804382","0.97801924","-0.12771519","-0.12691726","-0.12457799","-0.12488974"
"Cleft palate","0.9828629","0.9804382","0.97801924","-0.12771519","-0.12691726","-0.12457799","-0.12488974"
"Clonorchis sinensis infection","0.9828629","0.9804382","0.97801924","-0.12771519","-0.12691726","-0.12457799","-0.12488974"
"Clostridium difficile associated disease","0.9828629","0.9804382","0.97801924","-0.12771519","-0.12691726","-0.12457799","-0.12488974"
"Clostridium difficile infection","0.9828629","0.9804382","0.97801924","-0.12771519","-0.12691726","-0.12457799","-0.12488974"
"Clostridium difficile infection(CDI)","0.9828629","0.9804382","0.97801924","-0.12771519","-0.12691726","-0.12457799","-0.12488974"
"Clostridium difficile infections","-1.0174359","-1.019952","-1.0224748","-0.12771519","-0.12691726","-0.12457799","-0.12488974"
"Clostrium difficile-related diarrhea","-1.0174359","-1.019952","-1.0224748","-0.12771519","-0.12691726","-0.12457799","-0.12488974"
"Coeliac disease","-1.0174359","-1.019952","-1.0224748","-0.12771519","-0.12691726","-0.12457799","-0.12488974"
"Cognitive impairment","0.9828629","0.9804382","0.97801924","-0.12771519","-0.12691726","-0.12457799","-0.12488974"
"Collagenous colitis","0.9828629","0.9804382","0.97801924","-0.12771519","-0.12691726","-0.12457799","-0.12488974"
"Colon adenomas","0.9828629","0.9804382","0.97801924","-0.12771519","-0.12691726","-0.12457799","-0.12488974"
"Colon cancer","0.9828629","0.9804382","0.97801924","-0.12771519","-0.12691726","-0.12457799","-0.12488974"
"Colon polyps","0.9828629","0.9804382","0.97801924","-0.12771519","-0.12691726","-0.12457799","-0.12488974"
"Colorectal cancer","0.9828629","0.9804382","0.97801924","-0.12771519","-0.12691726","-0.12457799","-0.12488974"
"Colorectal carcinoma","0.9828629","0.9804382","0.97801924","-0.12771519","-0.12691726","-0.12457799","-0.12488974"
"Common Variable Immunodeficieny","0.9828629","0.9804382","0.97801924","-0.12771519","-0.12691726","-0.12457799","-0.12488974"
"Common variable immunodeficiency","-1.0174359","-1.019952","-1.0224748","-0.12771519","-0.12691726","-0.12457799","-0.12488974"
"Conjunctival scarring","0.9828629","0.9804382","0.97801924","-0.12771519","-0.12691726","-0.12457799","-0.12488974"
"Constipation","0.9828629","0.9804382","0.97801924","-0.12771519","-0.12691726","-0.12457799","-0.12488974"
"Constipation Irritable bowel syndrome(IBS)","0.9828629","0.9804382","0.97801924","-0.12771519","-0.12691726","-0.12457799","-0.12488974"
"Coronary Heart Disease","0.9828629","0.9804382","0.97801924","-0.12771519","-0.12691726","-0.12457799","-0.12488974"
"Coronary artery disease","0.9828629","0.9804382","0.97801924","-0.12771519","-0.12691726","-0.12457799","-0.12488974"
"Covid-19","0.9828629","0.9804382","0.97801924","-0.12771519","-0.12691726","-0.12457799","-0.12488974"
"Coxiella burnetii vascular infection","-1.0174359","-1.019952","-1.0224748","-0.12771519","-0.12691726","-0.12457799","-0.12488974"
"Crohn disease","0.9828629","0.9804382","0.97801924","7.829923","8.291319","7.9609013","7.8443375"
"Crohn's Disease","0.9828629","0.9804382","0.97801924","-0.12771519","-0.12691726","-0.12457799","-0.12488974"
"Crohn's disease","-1.0174359","-1.019952","-1.0224748","-0.12771519","-0.12691726","-0.12457799","-0.12488974"
"Crohn's disease(CD)","0.9828629","0.9804382","0.97801924","-0.12771519","-0.12691726","-0.12457799","-0.12488974"
"Crohns disease","-1.0174359","-1.019952","-1.0224748","-0.12771519","-0.12691726","-0.12457799","-0.12488974"
"Cutaneous burn","0.9828629","0.9804382","0.97801924","-0.12771519","-0.12691726","-0.12457799","-0.12488974"
"Cystic Fibrosis","0.9828629","0.9804382","0.97801924","7.829923","8.3370075","7.262615","7.218994"
"Cystic echinococcosis","-1.0174359","-1.019952","-1.0224748","-0.12771519","-0.12691726","-0.12457799","-0.12488974"
"Cystic fibrosis","-1.0174359","-1.019952","-1.0224748","-0.12771519","-0.12691726","-0.12457799","-0.12488974"
"Cystic fibrosis exacerbation","0.9828629","0.9804382","0.97801924","-0.12771519","-0.12691726","-0.12457799","-0.12488974"
"Cytolytic vaginosis","0.9828629","0.9804382","0.97801924","-0.12771519","-0.12691726","-0.12457799","-0.12488974"
"Dandruff","0.9828629","0.9804382","0.97801924","-0.12771519","-0.12691726","-0.12457799","-0.12488974"
"Denture Stomatitis","0.9828629","0.9804382","0.97801924","-0.12771519","-0.12691726","-0.12457799","-0.12488974"
"Depression","-1.0174359","-1.019952","-1.0224748","-0.12771519","-0.12691726","-0.12457799","-0.12488974"
"Diabetes mellitus type 2","-1.0174359","0.9804382","0.97801924","7.829923","8.888272","9.616122","9.548704"
"Diabetic nephropathy","0.9828629","0.9804382","0.97801924","-0.12771519","-0.12691726","-0.12457799","-0.12488974"
"Diaper dermatitis","0.9828629","0.9804382","0.97801924","-0.12771519","-0.12691726","-0.12457799","-0.12488974"
"Diarrhea","0.9828629","0.9804382","0.97801924","-0.12771519","-0.12691726","-0.12457799","-0.12488974"
"Diarrhea Irritable bowel syndrome(IBS)","0.9828629","0.9804382","0.97801924","-0.12771519","-0.12691726","-0.12457799","-0.12488974"
"Disease-free ","0.9828629","0.9804382","0.97801924","-0.12771519","-0.12691726","-0.12457799","-0.12488974"
"Diverticular disease","0.9828629","0.9804382","0.97801924","-0.12771519","-0.12691726","-0.12457799","-0.12488974"
"Down syndrome","0.9828629","0.9804382","0.97801924","-0.12771519","-0.12691726","-0.12457799","-0.12488974"
"Drug-resistant Epilepsy","0.9828629","0.9804382","0.97801924","-0.12771519","-0.12691726","-0.12457799","-0.12488974"
"Dry eye syndrome","0.9828629","0.9804382","0.97801924","-0.12771519","-0.12691726","-0.12457799","-0.12488974"
"E-smoking","0.9828629","0.9804382","0.97801924","-0.12771519","-0.12691726","-0.12457799","-0.12488974"
"Edentulism","0.9828629","0.9804382","0.97801924","-0.12771519","-0.12691726","-0.12457799","-0.12488974"
"Endometrial cancer","0.9828629","0.9804382","0.97801924","-0.12771519","-0.12691726","-0.12457799","-0.12488974"
"Endometriosis","0.9828629","0.9804382","0.97801924","-0.12771519","-0.12691726","-0.12457799","-0.12488974"
"Enthesitis related Arthritis","-1.0174359","-1.019952","-1.0224748","-0.12771519","-0.12691726","-0.12457799","-0.12488974"
"Enthesitis-related arthritis ","0.9828629","0.9804382","0.97801924","-0.12771519","-0.12691726","-0.12457799","-0.12488974"
"Eosinophilic esophagitis","0.9828629","0.9804382","0.97801924","-0.12771519","-0.12691726","-0.12457799","-0.12488974"
"Esophageal cancer","0.9828629","0.9804382","0.97801924","-0.12771519","-0.12691726","-0.12457799","-0.12488974"
"Exacerbations of idiopathic pulmonary fibrosis","0.9828629","0.9804382","0.97801924","-0.12771519","-0.12691726","-0.12457799","-0.12488974"
"Excessive vomiting","0.9828629","0.9804382","0.97801924","-0.12771519","-0.12691726","-0.12457799","-0.12488974"
"Experimental Autoimmune Arthritis","-1.0174359","-1.019952","-1.0224748","-0.12771519","-0.12691726","-0.12457799","-0.12488974"
"Experimental Autoimmune Encephalomyelitis","-1.0174359","-1.019952","-1.0224748","-0.12771519","-0.12691726","-0.12457799","-0.12488974"
"Extrinsic black stain","0.9828629","0.9804382","0.97801924","-0.12771519","-0.12691726","-0.12457799","-0.12488974"
"Familial Mediterranean fever","0.9828629","0.9804382","0.97801924","-0.12771519","-0.12691726","-0.12457799","-0.12488974"
"Familial adenomatous polyposis","0.9828629","0.9804382","0.97801924","-0.12771519","-0.12691726","-0.12457799","-0.12488974"
"Fatigue","0.9828629","0.9804382","0.97801924","-0.12771519","-0.12691726","-0.12457799","-0.12488974"
"Fibromyalgia","0.9828629","0.9804382","0.97801924","-0.12771519","-0.12691726","-0.12457799","-0.12488974"
"Folliculitis decalvans","0.9828629","0.9804382","0.97801924","-0.12771519","-0.12691726","-0.12457799","-0.12488974"
"Frailty","0.9828629","0.9804382","0.97801924","-0.12771519","-0.12691726","-0.12457799","-0.12488974"
"Functional dyspepsia","0.9828629","0.9804382","0.97801924","-0.12771519","-0.12691726","-0.12457799","-0.12488974"
"GIT neoplasms","-1.0174359","-1.019952","-1.0224748","-0.12771519","-0.12691726","-0.12457799","-0.12488974"
"Gallbladder cancer","-1.0174359","-1.019952","-1.0224748","-0.12771519","-0.12691726","-0.12457799","-0.12488974"
"Gastric and duodenal ulcer","0.9828629","0.9804382","0.97801924","-0.12771519","-0.12691726","-0.12457799","-0.12488974"
"Gastric cancer","0.9828629","0.9804382","0.97801924","-0.12771519","-0.12691726","-0.12457799","-0.12488974"
"Gastric carcinoma","0.9828629","0.9804382","0.97801924","-0.12771519","-0.12691726","-0.12457799","-0.12488974"
"Gastro-oesophageal reflux","0.9828629","0.9804382","0.97801924","-0.12771519","-0.12691726","-0.12457799","-0.12488974"
"Gastroenteritis","0.9828629","0.9804382","0.97801924","-0.12771519","-0.12691726","-0.12457799","-0.12488974"
"Gastrointestinal follicular lymphoma","0.9828629","0.9804382","0.97801924","-0.12771519","-0.12691726","-0.12457799","-0.12488974"
"Generalized anxiety disorder","0.9828629","0.9804382","0.97801924","-0.12771519","-0.12691726","-0.12457799","-0.12488974"
"Genitourinary lichen sclerosus","0.9828629","0.9804382","0.97801924","-0.12771519","-0.12691726","-0.12457799","-0.12488974"
"Gestational diabetes","0.9828629","0.9804382","0.97801924","-0.12771519","-0.12691726","-0.12457799","-0.12488974"
"Gestational diabetes + hyperlipidemia","0.9828629","0.9804382","0.97801924","-0.12771519","-0.12691726","-0.12457799","-0.12488974"
"Giardia intestinalis infection","0.9828629","0.9804382","0.97801924","-0.12771519","-0.12691726","-0.12457799","-0.12488974"
"Gingivitis","0.9828629","0.9804382","0.97801924","-0.12771519","-0.12691726","-0.12457799","-0.12488974"
"Glycogen storage disease","0.9828629","0.9804382","0.97801924","-0.12771519","-0.12691726","-0.12457799","-0.12488974"
"Graft-versus-host-disease","-1.0174359","-1.019952","-1.0224748","-0.12771519","-0.12691726","-0.12457799","-0.12488974"
"Granulomatosis with polyangiitis","0.9828629","0.9804382","0.97801924","-0.12771519","-0.12691726","-0.12457799","-0.12488974"
"Granulomatous mastitis","0.9828629","0.9804382","0.97801924","-0.12771519","-0.12691726","-0.12457799","-0.12488974"
"Graves' disease","0.9828629","0.9804382","0.97801924","-0.12771519","-0.12691726","-0.12457799","-0.12488974"
"Graves' orbitopathy","0.9828629","0.9804382","0.97801924","-0.12771519","-0.12691726","-0.12457799","-0.12488974"
"Guillain-Barre syndrome","0.9828629","0.9804382","0.97801924","-0.12771519","-0.12691726","-0.12457799","-0.12488974"
"Guttate psoriasis","0.9828629","0.9804382","0.97801924","-0.12771519","-0.12691726","-0.12457799","-0.12488974"
"H1N1 Influenza","0.9828629","0.9804382","0.97801924","-0.12771519","-0.12691726","-0.12457799","-0.12488974"
"H7N9","0.9828629","0.9804382","0.97801924","-0.12771519","-0.12691726","-0.12457799","-0.12488974"
"HBV cirrhosis","-1.0174359","-1.019952","-1.0224748","-0.12771519","-0.12691726","-0.12457799","-0.12488974"
"HIV infection","0.9828629","0.9804382","0.97801924","-0.12771519","-0.12691726","-0.12457799","-0.12488974"
"HIV-infected pneumonia","0.9828629","0.9804382","0.97801924","-0.12771519","-0.12691726","-0.12457799","-0.12488974"
"Halitosis","0.9828629","0.9804382","0.97801924","-0.12771519","-0.12691726","-0.12457799","-0.12488974"
"Hand, foot and mouth disease","0.9828629","0.9804382","0.97801924","-0.12771519","-0.12691726","-0.12457799","-0.12488974"
"Hashimoto thyroiditis","-1.0174359","-1.019952","-1.0224748","-0.12771519","-0.12691726","-0.12457799","-0.12488974"
"Hashimoto's thyroiditis","0.9828629","0.9804382","0.97801924","-0.12771519","-0.12691726","-0.12457799","-0.12488974"
"Head and Neck Squamous Cell Cancer","-1.0174359","-1.019952","-1.0224748","-0.12771519","-0.12691726","-0.12457799","-0.12488974"
"Head/Neck cancer","0.9828629","0.9804382","0.97801924","-0.12771519","-0.12691726","-0.12457799","-0.12488974"
"Heart failure","0.9828629","0.9804382","0.97801924","-0.12771519","-0.12691726","-0.12457799","-0.12488974"
"Helicobacter pylori infection","0.9828629","0.9804382","0.97801924","-0.12771519","-0.12691726","-0.12457799","-0.12488974"
"Henoch-Schönlein Purpura","0.9828629","0.9804382","0.97801924","-0.12771519","-0.12691726","-0.12457799","-0.12488974"
"Hepatic encephalopathy","0.9828629","0.9804382","0.97801924","-0.12771519","-0.12691726","-0.12457799","-0.12488974"
"Hepatitis B","0.9828629","0.9804382","0.97801924","-0.12771519","-0.12691726","-0.12457799","-0.12488974"
"Hepatitis B associated liver failure","0.9828629","0.9804382","0.97801924","-0.12771519","-0.12691726","-0.12457799","-0.12488974"
"Hepatitis C","0.9828629","0.9804382","0.97801924","-0.12771519","-0.12691726","-0.12457799","-0.12488974"
"Hepatocellular cancer","0.9828629","0.9804382","0.97801924","-0.12771519","-0.12691726","-0.12457799","-0.12488974"
"Hepatocellular carcinoma","0.9828629","0.9804382","0.97801924","-0.12771519","-0.12691726","-0.12457799","-0.12488974"
"Hidradenitis suppurativa","0.9828629","0.9804382","0.97801924","-0.12771519","-0.12691726","-0.12457799","-0.12488974"
"Hirschsprung disease","-1.0174359","-1.019952","-1.0224748","-0.12771519","-0.12691726","-0.12457799","-0.12488974"
"Hirschsprung's disease","0.9828629","0.9804382","0.97801924","-0.12771519","-0.12691726","-0.12457799","-0.12488974"
"Hirschsprung-associated enterocolitis","0.9828629","0.9804382","0.97801924","-0.12771519","-0.12691726","-0.12457799","-0.12488974"
"Hirschsprungs associated enterocolitis","-1.0174359","-1.019952","-1.0224748","-0.12771519","-0.12691726","-0.12457799","-0.12488974"
"Hirschsprungs disease","-1.0174359","-1.019952","-1.0224748","-0.12771519","-0.12691726","-0.12457799","-0.12488974"
"Human end-stage renal disease","0.9828629","0.9804382","0.97801924","-0.12771519","-0.12691726","-0.12457799","-0.12488974"
"Human papilloma virus infection","0.9828629","0.9804382","0.97801924","-0.12771519","-0.12691726","-0.12457799","-0.12488974"
"Huntington's Disease","0.9828629","0.9804382","0.97801924","-0.12771519","-0.12691726","-0.12457799","-0.12488974"
"Hutchinson-Gilford progeria syndrome","0.9828629","0.9804382","0.97801924","-0.12771519","-0.12691726","-0.12457799","-0.12488974"
"Hyper IgE syndrome","0.9828629","0.9804382","0.97801924","-0.12771519","-0.12691726","-0.12457799","-0.12488974"
"Hyperglycemia","0.9828629","0.9804382","0.97801924","-0.12771519","-0.12691726","-0.12457799","-0.12488974"
"Hyperlipidemia","0.9828629","0.9804382","0.97801924","-0.12771519","-0.12691726","-0.12457799","-0.12488974"
"Hypertension","0.9828629","0.9804382","0.97801924","-0.12771519","-0.12691726","-0.12457799","-0.12488974"
"Hypopharyngeal cancer","0.9828629","0.9804382","0.97801924","-0.12771519","-0.12691726","-0.12457799","-0.12488974"
"Idiopathic Pulmonary Fibrosis","0.9828629","0.9804382","0.97801924","-0.12771519","-0.12691726","-0.12457799","-0.12488974"
"Idiopathic REM Sleep Behavior Disorder","0.9828629","0.9804382","0.97801924","-0.12771519","-0.12691726","-0.12457799","-0.12488974"
"Idiopathic central precocious puberty","0.9828629","0.9804382","0.97801924","-0.12771519","-0.12691726","-0.12457799","-0.12488974"
"Idiopathic focal epilepsy","0.9828629","0.9804382","0.97801924","-0.12771519","-0.12691726","-0.12457799","-0.12488974"
"Idiopathic infertility","0.9828629","0.9804382","0.97801924","-0.12771519","-0.12691726","-0.12457799","-0.12488974"
"Idiopathic nephrotic syndrome","0.9828629","0.9804382","0.97801924","-0.12771519","-0.12691726","-0.12457799","-0.12488974"
"IgE-mediated atopic diseases","-1.0174359","-1.019952","-1.0224748","-0.12771519","-0.12691726","-0.12457799","-0.12488974"
"Ileal Crohn's disease(CD)","0.9828629","0.9804382","0.97801924","-0.12771519","-0.12691726","-0.12457799","-0.12488974"
"Inactive Crohn's Disease","0.9828629","0.9804382","0.97801924","-0.12771519","-0.12691726","-0.12457799","-0.12488974"
"Infant colic","0.9828629","0.9804382","0.97801924","-0.12771519","-0.12691726","-0.12457799","-0.12488974"
"Infantile eczema","0.9828629","0.9804382","0.97801924","-0.12771519","-0.12691726","-0.12457799","-0.12488974"
"Infectious colitis","0.9828629","0.9804382","0.97801924","-0.12771519","-0.12691726","-0.12457799","-0.12488974"
"Infective colitis","0.9828629","0.9804382","0.97801924","-0.12771519","-0.12691726","-0.12457799","-0.12488974"
"Inflammation","-1.0174359","-1.019952","-1.0224748","-0.12771519","-0.12691726","-0.12457799","-0.12488974"
"Inflammatory Bowel Disease","0.9828629","0.9804382","0.97801924","-0.12771519","-0.12691726","-0.12457799","-0.12488974"
"Inflammatory Bowel Diseases","0.9828629","0.9804382","0.97801924","7.829923","6.546028","6.016853","5.9260917"
"Inflammatory bowel disease","-1.0174359","-1.019952","-1.0224748","-0.12771519","-0.12691726","-0.12457799","-0.12488974"
"Inflammatory bowel disease(IBD)","0.9828629","0.9804382","0.97801924","-0.12771519","-0.12691726","-0.12457799","-0.12488974"
"Inflammatory bowel diseases","-1.0174359","-1.019952","-1.0224748","-0.12771519","-0.12691726","-0.12457799","-0.12488974"
"Influenza A","0.9828629","0.9804382","0.97801924","-0.12771519","-0.12691726","-0.12457799","-0.12488974"
"Interstitial cystitis","0.9828629","0.9804382","0.97801924","-0.12771519","-0.12691726","-0.12457799","-0.12488974"
"Intestinal metaplasia","0.9828629","0.9804382","0.97801924","-0.12771519","-0.12691726","-0.12457799","-0.12488974"
"Intrahepatic Cholangiocarcinoma","0.9828629","0.9804382","0.97801924","-0.12771519","-0.12691726","-0.12457799","-0.12488974"
"Invasive colorectal cancer","0.9828629","0.9804382","0.97801924","-0.12771519","-0.12691726","-0.12457799","-0.12488974"
"Invasive pneumococcal disease","0.9828629","0.9804382","0.97801924","-0.12771519","-0.12691726","-0.12457799","-0.12488974"
"Iron-deficiency anaemia","0.9828629","0.9804382","0.97801924","-0.12771519","-0.12691726","-0.12457799","-0.12488974"
"Irritable Bowel Syndrome","0.9828629","0.9804382","0.97801924","7.829923","6.813611","8.341537","8.478695"
"Irritable Bowel Syndrome with constipation","-1.0174359","-1.019952","-1.0224748","-0.12771519","-0.12691726","-0.12457799","-0.12488974"
"Irritable Bowel Syndrome with diarrhea","-1.0174359","-1.019952","-1.0224748","-0.12771519","-0.12691726","-0.12457799","-0.12488974"
"Irritable bowel syndrome","-1.0174359","-1.019952","-1.0224748","-0.12771519","-0.12691726","-0.12457799","-0.12488974"
"Irritable bowel syndrome (IBS)","-1.0174359","-1.019952","-1.0224748","-0.12771519","-0.12691726","-0.12457799","-0.12488974"
"Irritable bowel syndrome(IBS)","0.9828629","0.9804382","0.97801924","-0.12771519","-0.12691726","-0.12457799","-0.12488974"
"Ischemic stroke","0.9828629","0.9804382","0.97801924","-0.12771519","-0.12691726","-0.12457799","-0.12488974"
"Juvenile Idiopathic Arthritis","0.9828629","0.9804382","0.97801924","-0.12771519","-0.12691726","-0.12457799","-0.12488974"
"Juvenile idiopathic arthritis","-1.0174359","-1.019952","-1.0224748","-0.12771519","-0.12691726","-0.12457799","-0.12488974"
"Kaposi's sarcoma","0.9828629","0.9804382","0.97801924","-0.12771519","-0.12691726","-0.12457799","-0.12488974"
"Kawasaki disease","0.9828629","0.9804382","0.97801924","-0.12771519","-0.12691726","-0.12457799","-0.12488974"
"Keratitis","0.9828629","0.9804382","0.97801924","-0.12771519","-0.12691726","-0.12457799","-0.12488974"
"Kidney stone","0.9828629","0.9804382","0.97801924","-0.12771519","-0.12691726","-0.12457799","-0.12488974"
"Kidney stone with hypertension","0.9828629","0.9804382","0.97801924","-0.12771519","-0.12691726","-0.12457799","-0.12488974"
"Kidney stones","0.9828629","0.9804382","0.97801924","-0.12771519","-0.12691726","-0.12457799","-0.12488974"
"Kostmann syndrome","0.9828629","0.9804382","0.97801924","-0.12771519","-0.12691726","-0.12457799","-0.12488974"
"Laryngeal Squamous Cell Carcinoma","0.9828629","0.9804382","0.97801924","-0.12771519","-0.12691726","-0.12457799","-0.12488974"
"Laryngeal carcinoma","0.9828629","0.9804382","0.97801924","-0.12771519","-0.12691726","-0.12457799","-0.12488974"
"Laryngotracheal stenosis","0.9828629","0.9804382","0.97801924","-0.12771519","-0.12691726","-0.12457799","-0.12488974"
"Late onset sepsis","-1.0174359","-1.019952","-1.0224748","-0.12771519","-0.12691726","-0.12457799","-0.12488974"
"Late-onset Sepsis","0.9828629","0.9804382","0.97801924","-0.12771519","-0.12691726","-0.12457799","-0.12488974"
"Listeria monocytogenes infection","-1.0174359","-1.019952","-1.0224748","-0.12771519","-0.12691726","-0.12457799","-0.12488974"
"Liver cirrhosis","0.9828629","0.9804382","0.97801924","7.829923","8.640313","7.489626","7.54977"
"Liver fibrosis","0.9828629","0.9804382","0.97801924","-0.12771519","-0.12691726","-0.12457799","-0.12488974"
"Liver transplant","0.9828629","0.9804382","0.97801924","-0.12771519","-0.12691726","-0.12457799","-0.12488974"
"Lower respiratory tract infection","0.9828629","0.9804382","0.97801924","-0.12771519","-0.12691726","-0.12457799","-0.12488974"
"Lung cancer","0.9828629","0.9804382","0.97801924","-0.12771519","-0.12691726","-0.12457799","-0.12488974"
"Macular degeneration","0.9828629","0.9804382","0.97801924","-0.12771519","-0.12691726","-0.12457799","-0.12488974"
"Major depressive disorder","0.9828629","0.9804382","0.97801924","-0.12771519","-0.12691726","-0.12457799","-0.12488974"
"Maturity-onset diabetes of the young 2","0.9828629","0.9804382","0.97801924","-0.12771519","-0.12691726","-0.12457799","-0.12488974"
"Megaesophagus","0.9828629","0.9804382","0.97801924","-0.12771519","-0.12691726","-0.12457799","-0.12488974"
"Meningococcal disease","0.9828629","0.9804382","0.97801924","-0.12771519","-0.12691726","-0.12457799","-0.12488974"
"Metabolic syndrome","0.9828629","0.9804382","0.97801924","-0.12771519","-0.12691726","-0.12457799","-0.12488974"
"Microscopic colitis","0.9828629","0.9804382","0.97801924","-0.12771519","-0.12691726","-0.12457799","-0.12488974"
"Migraine","0.9828629","0.9804382","0.97801924","-0.12771519","-0.12691726","-0.12457799","-0.12488974"
"Mild cognitive impairment","-1.0174359","-1.019952","-1.0224748","-0.12771519","-0.12691726","-0.12457799","-0.12488974"
"Miscarriage","0.9828629","0.9804382","0.97801924","-0.12771519","-0.12691726","-0.12457799","-0.12488974"
"Mucosa-associated lymphoid tissue lymphoma","0.9828629","0.9804382","0.97801924","-0.12771519","-0.12691726","-0.12457799","-0.12488974"
"Multiple Sclerosis","0.9828629","0.9804382","0.97801924","-0.12771519","-0.12691726","-0.12457799","-0.12488974"
"Multiple system atrophy","0.9828629","0.9804382","0.97801924","-0.12771519","-0.12691726","-0.12457799","-0.12488974"
"Myasthenia gravis","0.9828629","0.9804382","0.97801924","-0.12771519","-0.12691726","-0.12457799","-0.12488974"
"NAFLD","-1.0174359","-1.019952","-1.0224748","-0.12771519","-0.12691726","-0.12457799","-0.12488974"
"Nasolacrimal duct obstruction","0.9828629","0.9804382","0.97801924","-0.12771519","-0.12691726","-0.12457799","-0.12488974"
"Necrotizing Enterocolitis","0.9828629","0.9804382","0.97801924","-0.12771519","-0.12691726","-0.12457799","-0.12488974"
"Necrotizing enterocolitis","-1.0174359","-1.019952","-1.0224748","-0.12771519","-0.12691726","-0.12457799","-0.12488974"
"Neisseria gonorrhoeae infection","0.9828629","0.9804382","0.97801924","-0.12771519","-0.12691726","-0.12457799","-0.12488974"
"Nephrolithiasis","0.9828629","0.9804382","0.97801924","-0.12771519","-0.12691726","-0.12457799","-0.12488974"
"Neuro-Behcet's disease","0.9828629","0.9804382","0.97801924","-0.12771519","-0.12691726","-0.12457799","-0.12488974"
"Neuromyelitis optica","0.9828629","0.9804382","0.97801924","-0.12771519","-0.12691726","-0.12457799","-0.12488974"
"Neuropathic bladder","0.9828629","0.9804382","0.97801924","-0.12771519","-0.12691726","-0.12457799","-0.12488974"
"New-onset untreated rheumatoid arthrits","0.9828629","0.9804382","0.97801924","-0.12771519","-0.12691726","-0.12457799","-0.12488974"
"Non alcoholic steatohepatitis","0.9828629","0.9804382","0.97801924","-0.12771519","-0.12691726","-0.12457799","-0.12488974"
"Non-Oedematous Malnutrition","-1.0174359","-1.019952","-1.0224748","-0.12771519","-0.12691726","-0.12457799","-0.12488974"
"Non-alcoholic Fatty Liver Disease","0.9828629","0.9804382","0.97801924","-0.12771519","-0.12691726","-0.12457799","-0.12488974"
"Non-alcoholic fatty liver disease","-1.0174359","-1.019952","-1.0224748","-0.12771519","-0.12691726","-0.12457799","-0.12488974"
"Nonalcoholic fatty liver disease","-1.0174359","-1.019952","-1.0224748","-0.12771519","-0.12691726","-0.12457799","-0.12488974"
"Nonalcoholic steatohepatitis","-1.0174359","-1.019952","-1.0224748","-0.12771519","-0.12691726","-0.12457799","-0.12488974"
"Nongonococcal urethritis","0.9828629","0.9804382","0.97801924","-0.12771519","-0.12691726","-0.12457799","-0.12488974"
"Normal weight obesity","0.9828629","0.9804382","0.97801924","-0.12771519","-0.12691726","-0.12457799","-0.12488974"
"Norovirus infection","-1.0174359","-1.019952","-1.0224748","-0.12771519","-0.12691726","-0.12457799","-0.12488974"
"Obesity","0.9828629","0.9804382","0.97801924","7.829923","8.854901","11.505913","11.1439495"
"Obstructive sleep apnea-hypopnea syndrome","0.9828629","0.9804382","0.97801924","-0.12771519","-0.12691726","-0.12457799","-0.12488974"
"Oedematous Malnutrition","-1.0174359","-1.019952","-1.0224748","-0.12771519","-0.12691726","-0.12457799","-0.12488974"
"Oligoasthenoteratozoospermia","0.9828629","0.9804382","0.97801924","-0.12771519","-0.12691726","-0.12457799","-0.12488974"
"Opisthorchis felineus infection","0.9828629","0.9804382","0.97801924","-0.12771519","-0.12691726","-0.12457799","-0.12488974"
"Oral cancer","0.9828629","0.9804382","0.97801924","-0.12771519","-0.12691726","-0.12457799","-0.12488974"
"Oral leukoplakia","0.9828629","0.9804382","0.97801924","-0.12771519","-0.12691726","-0.12457799","-0.12488974"
"Oral lichen planus","0.9828629","0.9804382","0.97801924","-0.12771519","-0.12691726","-0.12457799","-0.12488974"
"Oral potentially malignant disorder","0.9828629","0.9804382","0.97801924","-0.12771519","-0.12691726","-0.12457799","-0.12488974"
"Oral squamous cell carcinoma","-1.0174359","-1.019952","-1.0224748","-0.12771519","-0.12691726","-0.12457799","-0.12488974"
"Orofacial granulomatosis","0.9828629","0.9804382","0.97801924","-0.12771519","-0.12691726","-0.12457799","-0.12488974"
"Oropharyngeal cancer","0.9828629","0.9804382","0.97801924","-0.12771519","-0.12691726","-0.12457799","-0.12488974"
"Osmotic diarrhea","0.9828629","0.9804382","0.97801924","-0.12771519","-0.12691726","-0.12457799","-0.12488974"
"Osteoarthritis","0.9828629","0.9804382","0.97801924","-0.12771519","-0.12691726","-0.12457799","-0.12488974"
"Osteoporosis","0.9828629","0.9804382","0.97801924","-0.12771519","-0.12691726","-0.12457799","-0.12488974"
"Otitis Media","0.9828629","0.9804382","0.97801924","-0.12771519","-0.12691726","-0.12457799","-0.12488974"
"Overactive bladder","0.9828629","0.9804382","0.97801924","-0.12771519","-0.12691726","-0.12457799","-0.12488974"
"Palmoplantar pustulosis","0.9828629","0.9804382","0.97801924","-0.12771519","-0.12691726","-0.12457799","-0.12488974"
"Pancreatic cancer","0.9828629","0.9804382","0.97801924","-0.12771519","-0.12691726","-0.12457799","-0.12488974"
"Pancreatic ductal adenocarcinoma","-1.0174359","-1.019952","-1.0224748","-0.12771519","-0.12691726","-0.12457799","-0.12488974"
"Pancreatic head cancer","0.9828629","0.9804382","0.97801924","-0.12771519","-0.12691726","-0.12457799","-0.12488974"
"Pancreatitis","0.9828629","0.9804382","0.97801924","-0.12771519","-0.12691726","-0.12457799","-0.12488974"
"Parkinson disease","0.9828629","0.9804382","0.97801924","-0.12771519","-0.12691726","-0.12457799","-0.12488974"
"Parkinson's Disease","0.9828629","0.9804382","0.97801924","-0.12771519","-0.12691726","-0.12457799","-0.12488974"
"Parkinson's disease","-1.0174359","-1.019952","-1.0224748","-0.12771519","-0.12691726","-0.12457799","-0.12488974"
"Parkinson's disease with mild cognitive impairment","-1.0174359","-1.019952","-1.0224748","-0.12771519","-0.12691726","-0.12457799","-0.12488974"
"Parkinsons disease","-1.0174359","-1.019952","-1.0224748","-0.12771519","-0.12691726","-0.12457799","-0.12488974"
"Pediculosis","0.9828629","0.9804382","0.97801924","-0.12771519","-0.12691726","-0.12457799","-0.12488974"
"Pelvic inflammatory disease","0.9828629","0.9804382","0.97801924","-0.12771519","-0.12691726","-0.12457799","-0.12488974"
"Pemphigus vulgaris","0.9828629","0.9804382","0.97801924","-0.12771519","-0.12691726","-0.12457799","-0.12488974"
"Periodontal","0.9828629","0.9804382","0.97801924","-0.12771519","-0.12691726","-0.12457799","-0.12488974"
"Periodontal abscess","0.9828629","0.9804382","0.97801924","-0.12771519","-0.12691726","-0.12457799","-0.12488974"
"Periodontal disease","0.9828629","0.9804382","0.97801924","-0.12771519","-0.12691726","-0.12457799","-0.12488974"
"Peripheral Arterial Disease","0.9828629","0.9804382","0.97801924","-0.12771519","-0.12691726","-0.12457799","-0.12488974"
"Pervasive developmental disorder NOS","0.9828629","0.9804382","0.97801924","-0.12771519","-0.12691726","-0.12457799","-0.12488974"
"Phenylketonuria","-1.0174359","-1.019952","-1.0224748","-0.12771519","-0.12691726","-0.12457799","-0.12488974"
"Pneumonia","0.9828629","0.9804382","0.97801924","-0.12771519","-0.12691726","-0.12457799","-0.12488974"
"Polycystic Ovary Syndrome","0.9828629","0.9804382","0.97801924","-0.12771519","-0.12691726","-0.12457799","-0.12488974"
"Polycystic ovary syndrome","-1.0174359","-1.019952","-1.0224748","-0.12771519","-0.12691726","-0.12457799","-0.12488974"
"Post-finasteride syndrome","-1.0174359","-1.019952","-1.0224748","-0.12771519","-0.12691726","-0.12457799","-0.12488974"
"Postmenopausal","0.9828629","0.9804382","0.97801924","-0.12771519","-0.12691726","-0.12457799","-0.12488974"
"Posttraumatic stress syndrome","0.9828629","0.9804382","0.97801924","-0.12771519","-0.12691726","-0.12457799","-0.12488974"
"Pouchitis","0.9828629","0.9804382","0.97801924","-0.12771519","-0.12691726","-0.12457799","-0.12488974"
"Prediabetes","0.9828629","0.9804382","0.97801924","-0.12771519","-0.12691726","-0.12457799","-0.12488974"
"Preeclampsia","0.9828629","0.9804382","0.97801924","-0.12771519","-0.12691726","-0.12457799","-0.12488974"
"Preeclamsia","0.9828629","0.9804382","0.97801924","-0.12771519","-0.12691726","-0.12457799","-0.12488974"
"Pregnancy","0.9828629","0.9804382","0.97801924","-0.12771519","-0.12691726","-0.12457799","-0.12488974"
"Pressure ulcers","0.9828629","0.9804382","0.97801924","-0.12771519","-0.12691726","-0.12457799","-0.12488974"
"Preterm birth","0.9828629","0.9804382","0.97801924","-0.12771519","-0.12691726","-0.12457799","-0.12488974"
"Primary Open-Angle Glaucoma","0.9828629","0.9804382","0.97801924","-0.12771519","-0.12691726","-0.12457799","-0.12488974"
"Primary biliary cholangitis","0.9828629","0.9804382","0.97801924","-0.12771519","-0.12691726","-0.12457799","-0.12488974"
"Primary biliary cirrhosis","0.9828629","0.9804382","0.97801924","-0.12771519","-0.12691726","-0.12457799","-0.12488974"
"Primary immune thrombocytopenia","0.9828629","0.9804382","0.97801924","-0.12771519","-0.12691726","-0.12457799","-0.12488974"
"Primary liver cancer","0.9828629","0.9804382","0.97801924","-0.12771519","-0.12691726","-0.12457799","-0.12488974"
"Primary sclerosing cholangitis","0.9828629","0.9804382","0.97801924","-0.12771519","-0.12691726","-0.12457799","-0.12488974"
"Primary sclerosing cholangitis-IBD","0.9828629","0.9804382","0.97801924","-0.12771519","-0.12691726","-0.12457799","-0.12488974"
"Progressive supranuclear palsy","-1.0174359","-1.019952","-1.0224748","-0.12771519","-0.12691726","-0.12457799","-0.12488974"
"Prostate cancer","0.9828629","0.9804382","0.97801924","-0.12771519","-0.12691726","-0.12457799","-0.12488974"
"Protracted bacterial bronchitis","0.9828629","0.9804382","0.97801924","-0.12771519","-0.12691726","-0.12457799","-0.12488974"
"Psoriasis","0.9828629","0.9804382","0.97801924","7.829923","7.816564","7.299434","7.3177834"
"Psoriatic Arthritis","0.9828629","0.9804382","0.97801924","-0.12771519","-0.12691726","-0.12457799","-0.12488974"
"Pulmonary Arterial Hypertension","0.9828629","0.9804382","0.97801924","-0.12771519","-0.12691726","-0.12457799","-0.12488974"
"Pulmonary arterial hypertension","-1.0174359","-1.019952","-1.0224748","-0.12771519","-0.12691726","-0.12457799","-0.12488974"
"Pulmonary tubercolosis","0.9828629","0.9804382","0.97801924","-0.12771519","-0.12691726","-0.12457799","-0.12488974"
"Radiation enteritis","0.9828629","0.9804382","0.97801924","-0.12771519","-0.12691726","-0.12457799","-0.12488974"
"Reactive arthritis","0.9828629","0.9804382","0.97801924","-0.12771519","-0.12691726","-0.12457799","-0.12488974"
"Rectal Carcinoma","0.9828629","0.9804382","0.97801924","-0.12771519","-0.12691726","-0.12457799","-0.12488974"
"Rectal cancer","-1.0174359","-1.019952","-1.0224748","-0.12771519","-0.12691726","-0.12457799","-0.12488974"
"Recurrent Clostridium difficile infection","-1.0174359","-1.019952","-1.0224748","-0.12771519","-0.12691726","-0.12457799","-0.12488974"
"Recurrent aphthous stomatitis ","0.9828629","0.9804382","0.97801924","-0.12771519","-0.12691726","-0.12457799","-0.12488974"
"Recurrent miscarriage","0.9828629","0.9804382","0.97801924","-0.12771519","-0.12691726","-0.12457799","-0.12488974"
"Recurrent tonsillitis","0.9828629","0.9804382","0.97801924","-0.12771519","-0.12691726","-0.12457799","-0.12488974"
"Reflux esophagitis","0.9828629","0.9804382","0.97801924","-0.12771519","-0.12691726","-0.12457799","-0.12488974"
"Refractory celiac disease","0.9828629","0.9804382","0.97801924","-0.12771519","-0.12691726","-0.12457799","-0.12488974"
"Rett Syndrome","0.9828629","0.9804382","0.97801924","-0.12771519","-0.12691726","-0.12457799","-0.12488974"
"Rett syndrome","-1.0174359","-1.019952","-1.0224748","-0.12771519","-0.12691726","-0.12457799","-0.12488974"
"Rheumatoid Arthritis","0.9828629","0.9804382","0.97801924","-0.12771519","-0.12691726","-0.12457799","-0.12488974"
"Rheumatoid arthrits","0.9828629","0.9804382","0.97801924","-0.12771519","-0.12691726","-0.12457799","-0.12488974"
"Rhinovirus infection","0.9828629","0.9804382","0.97801924","-0.12771519","-0.12691726","-0.12457799","-0.12488974"
"Rosacea","0.9828629","0.9804382","0.97801924","-0.12771519","-0.12691726","-0.12457799","-0.12488974"
"Sarcopenia","-1.0174359","-1.019952","-1.0224748","-0.12771519","-0.12691726","-0.12457799","-0.12488974"
"Schizophrenia","0.9828629","0.9804382","0.97801924","-0.12771519","-0.12691726","-0.12457799","-0.12488974"
"Seborrheic dermatitis","0.9828629","0.9804382","0.97801924","-0.12771519","-0.12691726","-0.12457799","-0.12488974"
"Seminal hyperviscosity","0.9828629","0.9804382","0.97801924","-0.12771519","-0.12691726","-0.12457799","-0.12488974"
"Sensitive scalp","0.9828629","0.9804382","0.97801924","-0.12771519","-0.12691726","-0.12457799","-0.12488974"
"Sepsis","0.9828629","0.9804382","0.97801924","-0.12771519","-0.12691726","-0.12457799","-0.12488974"
"Severe Acute Malnutrition","-1.0174359","-1.019952","-1.0224748","-0.12771519","-0.12691726","-0.12457799","-0.12488974"
"Severe congenital neutropenia","0.9828629","0.9804382","0.97801924","-0.12771519","-0.12691726","-0.12457799","-0.12488974"
"Severe fever with thrombocytopenia syndrome","0.9828629","0.9804382","0.97801924","-0.12771519","-0.12691726","-0.12457799","-0.12488974"
"Shiga Toxin-producing E. coli infection","0.9828629","0.9804382","0.97801924","-0.12771519","-0.12691726","-0.12457799","-0.12488974"
"Short Bowel Syndrome","0.9828629","0.9804382","0.97801924","-0.12771519","-0.12691726","-0.12457799","-0.12488974"
"Short bowel syndrome","-1.0174359","-1.019952","-1.0224748","-0.12771519","-0.12691726","-0.12457799","-0.12488974"
"Sicca syndrome","0.9828629","0.9804382","0.97801924","-0.12771519","-0.12691726","-0.12457799","-0.12488974"
"Sickle cell disease","0.9828629","0.9804382","0.97801924","-0.12771519","-0.12691726","-0.12457799","-0.12488974"
"Silicosis","0.9828629","0.9804382","0.97801924","-0.12771519","-0.12691726","-0.12457799","-0.12488974"
"Sjögren Syndrome","-1.0174359","-1.019952","0.97801924","-0.12771519","-0.12691726","-0.12457799","-0.12488974"
"Skin and mucosal infections","0.9828629","0.9804382","0.97801924","-0.12771519","-0.12691726","-0.12457799","-0.12488974"
"Small intestine neoplasm","0.9828629","0.9804382","0.97801924","-0.12771519","-0.12691726","-0.12457799","-0.12488974"
"Smoking","0.9828629","0.9804382","0.97801924","-0.12771519","-0.12691726","-0.12457799","-0.12488974"
"Spinal Cord Injury","0.9828629","0.9804382","0.97801924","-0.12771519","-0.12691726","-0.12457799","-0.12488974"
"Spinal cord injury","-1.0174359","-1.019952","-1.0224748","-0.12771519","-0.12691726","-0.12457799","-0.12488974"
"Spleen deficiency syndrome","0.9828629","0.9804382","0.97801924","-0.12771519","-0.12691726","-0.12457799","-0.12488974"
"Spondyloarthritis","0.9828629","0.9804382","0.97801924","-0.12771519","-0.12691726","-0.12457799","-0.12488974"
"Stevens-Johnson syndrome","0.9828629","0.9804382","0.97801924","-0.12771519","-0.12691726","-0.12457799","-0.12488974"
"Stomach cancer","0.9828629","0.9804382","0.97801924","-0.12771519","-0.12691726","-0.12457799","-0.12488974"
"Systemic Lupus Erythematosus","0.9828629","0.9804382","0.97801924","-0.12771519","-0.12691726","-0.12457799","-0.12488974"
"Systemic inflammatory response syndrome","0.9828629","0.9804382","0.97801924","7.829923","6.586815","4.839497","4.9581466"
"Systemic lupus erythematosus","-1.0174359","-1.019952","-1.0224748","-0.12771519","-0.12691726","-0.12457799","-0.12488974"
"Systemic sclerosis","0.9828629","0.9804382","0.97801924","-0.12771519","-0.12691726","-0.12457799","-0.12488974"
"T2D with hyperlipidemia","0.9828629","0.9804382","0.97801924","-0.12771519","-0.12691726","-0.12457799","-0.12488974"
"T2D with hypertension","0.9828629","0.9804382","0.97801924","-0.12771519","-0.12691726","-0.12457799","-0.12488974"
"T2D with hypertension and hyperlipidemia","0.9828629","0.9804382","0.97801924","-0.12771519","-0.12691726","-0.12457799","-0.12488974"
"Tetratricopeptide repeat domain 7A deficiency","0.9828629","0.9804382","0.97801924","-0.12771519","-0.12691726","-0.12457799","-0.12488974"
"Thyroid carcinoma","0.9828629","0.9804382","0.97801924","-0.12771519","-0.12691726","-0.12457799","-0.12488974"
"Tongue cancer","0.9828629","0.9804382","0.97801924","-0.12771519","-0.12691726","-0.12457799","-0.12488974"
"Trachoma","0.9828629","0.9804382","0.97801924","-0.12771519","-0.12691726","-0.12457799","-0.12488974"
"Transient Ischemic Attack","0.9828629","0.9804382","0.97801924","-0.12771519","-0.12691726","-0.12457799","-0.12488974"
"Traumatic Brain Injury","0.9828629","0.9804382","0.97801924","-0.12771519","-0.12691726","-0.12457799","-0.12488974"
"Traumatic brain injury","-1.0174359","-1.019952","-1.0224748","-0.12771519","-0.12691726","-0.12457799","-0.12488974"
"Trichomonas vaginalis infection","0.9828629","0.9804382","0.97801924","-0.12771519","-0.12691726","-0.12457799","-0.12488974"
"Tuberculosis","0.9828629","0.9804382","0.97801924","-0.12771519","-0.12691726","-0.12457799","-0.12488974"
"Type 1 Diabetes","0.9828629","0.9804382","0.97801924","-0.12771519","-0.12691726","-0.12457799","-0.12488974"
"Type 1 diabetes","-1.0174359","-1.019952","-1.0224748","-0.12771519","-0.12691726","-0.12457799","-0.12488974"
"Type 1 diabetes mellitus","-1.0174359","-1.019952","-1.0224748","-0.12771519","-0.12691726","-0.12457799","-0.12488974"
"Type 2 Diabetes","0.9828629","0.9804382","0.97801924","-0.12771519","-0.12691726","-0.12457799","-0.12488974"
"Type 2 diabetes","-1.0174359","-1.019952","-1.0224748","-0.12771519","-0.12691726","-0.12457799","-0.12488974"
"Type 2 diabetes mellitus","0.9828629","0.9804382","0.97801924","-0.12771519","-0.12691726","-0.12457799","-0.12488974"
"Type II Diabetes","-1.0174359","-1.019952","-1.0224748","-0.12771519","-0.12691726","-0.12457799","-0.12488974"
"Ulcerative Colitis","0.9828629","0.9804382","0.97801924","-0.12771519","-0.12691726","-0.12457799","-0.12488974"
"Ulcerative colitis","-1.0174359","-1.019952","-1.0224748","-0.12771519","-0.12691726","-0.12457799","-0.12488974"
"Undernourishment","0.9828629","0.9804382","0.97801924","-0.12771519","-0.12691726","-0.12457799","-0.12488974"
"Urgency urinary incontinence","0.9828629","0.9804382","0.97801924","-0.12771519","-0.12691726","-0.12457799","-0.12488974"
"Urogenital Schistosomiasis","0.9828629","0.9804382","0.97801924","-0.12771519","-0.12691726","-0.12457799","-0.12488974"
"Urolithiasis","0.9828629","0.9804382","0.97801924","-0.12771519","-0.12691726","-0.12457799","-0.12488974"
"Uveitits","0.9828629","0.9804382","0.97801924","-0.12771519","-0.12691726","-0.12457799","-0.12488974"
"Vestibulodynia","0.9828629","0.9804382","0.97801924","-0.12771519","-0.12691726","-0.12457799","-0.12488974"
"Viral respiratory tract infection","0.9828629","0.9804382","0.97801924","-0.12771519","-0.12691726","-0.12457799","-0.12488974"
"Vitiligo","0.9828629","0.9804382","0.97801924","-0.12771519","-0.12691726","-0.12457799","-0.12488974"
"Vogt-Koyagani-Harada disease","0.9828629","0.9804382","0.97801924","-0.12771519","-0.12691726","-0.12457799","-0.12488974"
"Vulvar vestibulitis syndrome","0.9828629","0.9804382","0.97801924","-0.12771519","-0.12691726","-0.12457799","-0.12488974"
"Vulvodynia","0.9828629","0.9804382","0.97801924","-0.12771519","-0.12691726","-0.12457799","-0.12488974"
"Whipple's disease","0.9828629","0.9804382","0.97801924","-0.12771519","-0.12691726","-0.12457799","-0.12488974"
"Wilson's disease","0.9828629","0.9804382","0.97801924","-0.12771519","-0.12691726","-0.12457799","-0.12488974"
"Wiskott-Aldrich syndrome","0.9828629","0.9804382","0.97801924","-0.12771519","-0.12691726","-0.12457799","-0.12488974"
"X-linked inhibitor of apoptosis deficiency","0.9828629","0.9804382","0.97801924","-0.12771519","-0.12691726","-0.12457799","-0.12488974"
"abdominal bloating","-1.0174359","-1.019952","-1.0224748","-0.12771519","-0.12691726","-0.12457799","-0.12488974"
"abdominal dysfunction","-1.0174359","-1.019952","-1.0224748","-0.12771519","-0.12691726","-0.12457799","-0.12488974"
"acne","-1.0174359","-1.019952","-1.0224748","-0.12771519","-0.12691726","-0.12457799","-0.12488974"
"acne vulgaris","-1.0174359","-1.019952","-1.0224748","-0.12771519","-0.12691726","-0.12457799","-0.12488974"
"acute anterior uveitis","-1.0174359","-1.019952","-1.0224748","-0.12771519","-0.12691726","-0.12457799","-0.12488974"
"acute diarrhea","-1.0174359","-1.019952","-1.0224748","-0.12771519","-0.12691726","-0.12457799","-0.12488974"
"acute febrile diarrhea","-1.0174359","-1.019952","-1.0224748","-0.12771519","-0.12691726","-0.12457799","-0.12488974"
"acute lymphocytic leukemia","-1.0174359","-1.019952","-1.0224748","-0.12771519","-0.12691726","-0.12457799","-0.12488974"
"acute myocardial infarction","-1.0174359","-1.019952","-1.0224748","-0.12771519","-0.12691726","-0.12457799","-0.12488974"
"acute pancreatitis","-1.0174359","-1.019952","-1.0224748","-0.12771519","-0.12691726","-0.12457799","-0.12488974"
"acute respiratory tract infection","-1.0174359","-1.019952","-1.0224748","-0.12771519","-0.12691726","-0.12457799","-0.12488974"
"adenoma","-1.0174359","-1.019952","-1.0224748","-0.12771519","-0.12691726","-0.12457799","-0.12488974"
"adenomatous polyps","-1.0174359","-1.019952","-1.0224748","-0.12771519","-0.12691726","-0.12457799","-0.12488974"
"adiposity","-1.0174359","-1.019952","-1.0224748","-0.12771519","-0.12691726","-0.12457799","-0.12488974"
"advanced adenomas","-1.0174359","-1.019952","-1.0224748","-0.12771519","-0.12691726","-0.12457799","-0.12488974"
"age-related dysbiosis","-1.0174359","-1.019952","-1.0224748","-0.12771519","-0.12691726","-0.12457799","-0.12488974"
"age-related microbiota changes","-1.0174359","-1.019952","-1.0224748","-0.12771519","-0.12691726","-0.12457799","-0.12488974"
"aging","-1.0174359","-1.019952","-1.0224748","-0.12771519","-0.12691726","-0.12457799","-0.12488974"
"aging-associated immune changes","-1.0174359","-1.019952","-1.0224748","-0.12771519","-0.12691726","-0.12457799","-0.12488974"
"alcohol addiction","-1.0174359","-1.019952","-1.0224748","-0.12771519","-0.12691726","-0.12457799","-0.12488974"
"alcohol use disorder","-1.0174359","-1.019952","-1.0224748","-0.12771519","-0.12691726","-0.12457799","-0.12488974"
"alcoholic liver disease","-1.0174359","-1.019952","-1.0224748","-0.12771519","-0.12691726","-0.12457799","-0.12488974"
"allergic asthma","-1.0174359","-1.019952","-1.0224748","-0.12771519","-0.12691726","-0.12457799","-0.12488974"
"allergic disease","-1.0174359","-1.019952","-1.0224748","-0.12771519","-0.12691726","-0.12457799","-0.12488974"
"allergic reactions","-1.0174359","-1.019952","-1.0224748","-0.12771519","-0.12691726","-0.12457799","-0.12488974"
"allergic rhinitis","-1.0174359","-1.019952","-1.0224748","-0.12771519","-0.12691726","-0.12457799","-0.12488974"
"allergic sensitisation","-1.0174359","-1.019952","-1.0224748","-0.12771519","-0.12691726","-0.12457799","-0.12488974"
"allergy","-1.0174359","-1.019952","-1.0224748","-0.12771519","-0.12691726","-0.12457799","-0.12488974"
"amyotrophic lateral sclerosis","-1.0174359","-1.019952","-1.0224748","-0.12771519","-0.12691726","-0.12457799","-0.12488974"
"anorexia nervosa","-1.0174359","-1.019952","-1.0224748","-0.12771519","-0.12691726","-0.12457799","-0.12488974"
"antibiotic associated diarrhea","-1.0174359","-1.019952","-1.0224748","-0.12771519","-0.12691726","-0.12457799","-0.12488974"
"antibiotic-associated diarrhea","-1.0174359","-1.019952","-1.0224748","-0.12771519","-0.12691726","-0.12457799","-0.12488974"
"antibiotic-induced pseudomembranous colitis","-1.0174359","-1.019952","-1.0224748","-0.12771519","-0.12691726","-0.12457799","-0.12488974"
"anxiety","-1.0174359","-1.019952","-1.0224748","-0.12771519","-0.12691726","-0.12457799","-0.12488974"
"anxiety and depressive like behavior","-1.0174359","-1.019952","-1.0224748","-0.12771519","-0.12691726","-0.12457799","-0.12488974"
"anxiety-like behavior","-1.0174359","-1.019952","-1.0224748","-0.12771519","-0.12691726","-0.12457799","-0.12488974"
"arsenic exposure related diseases","-1.0174359","-1.019952","-1.0224748","-0.12771519","-0.12691726","-0.12457799","-0.12488974"
"arterial stiffness","-1.0174359","-1.019952","-1.0224748","-0.12771519","-0.12691726","-0.12457799","-0.12488974"
"asthma","-1.0174359","-1.019952","-1.0224748","-0.12771519","-0.12691726","-0.12457799","-0.12488974"
"atherosclerosis","-1.0174359","-1.019952","-1.0224748","-0.12771519","-0.12691726","-0.12457799","-0.12488974"
"atherosclerotic cardiovascular disease","-1.0174359","-1.019952","-1.0224748","-0.12771519","-0.12691726","-0.12457799","-0.12488974"
"atopic dermatitis","-1.0174359","-1.019952","-1.0224748","-0.12771519","-0.12691726","-0.12457799","-0.12488974"
"atopic disease","-1.0174359","-1.019952","-1.0224748","-0.12771519","-0.12691726","-0.12457799","-0.12488974"
"atopic eczema","-1.0174359","-1.019952","-1.0224748","-0.12771519","-0.12691726","-0.12457799","-0.12488974"
"autism","-1.0174359","-1.019952","-1.0224748","-0.12771519","-0.12691726","-0.12457799","-0.12488974"
"autism spectrum disorder","-1.0174359","-1.019952","-1.0224748","-0.12771519","-0.12691726","-0.12457799","-0.12488974"
"autistic disorder","-1.0174359","-1.019952","-1.0224748","-0.12771519","-0.12691726","-0.12457799","-0.12488974"
"autoimmune hepatitis","-1.0174359","-1.019952","-1.0224748","-0.12771519","-0.12691726","-0.12457799","-0.12488974"
"autoimmunity","-1.0174359","-1.019952","-1.0224748","-0.12771519","-0.12691726","-0.12457799","-0.12488974"
"bacillary angiomatosis","-1.0174359","-1.019952","-1.0224748","-0.12771519","-0.12691726","-0.12457799","-0.12488974"
"bacterial pneumonia","-1.0174359","-1.019952","-1.0224748","-0.12771519","-0.12691726","-0.12457799","-0.12488974"
"biliary tract cancer","-1.0174359","-1.019952","-1.0224748","-0.12771519","-0.12691726","-0.12457799","-0.12488974"
"bladder cancer","-1.0174359","-1.019952","-1.0224748","-0.12771519","-0.12691726","-0.12457799","-0.12488974"
"bloodstream infection","-1.0174359","-1.019952","-1.0224748","-0.12771519","-0.12691726","-0.12457799","-0.12488974"
"bloodstream infections","-1.0174359","-1.019952","-1.0224748","-0.12771519","-0.12691726","-0.12457799","-0.12488974"
"brain disorders","-1.0174359","-1.019952","-1.0224748","-0.12771519","-0.12691726","-0.12457799","-0.12488974"
"breast cancer","-1.0174359","-1.019952","-1.0224748","-0.12771519","-0.12691726","-0.12457799","-0.12488974"
"calcium nephrolithiasis","-1.0174359","-1.019952","-1.0224748","-0.12771519","-0.12691726","-0.12457799","-0.12488974"
"cancer","-1.0174359","-1.019952","-1.0224748","-0.12771519","-0.12691726","-0.12457799","-0.12488974"
"cardiac disease","-1.0174359","-1.019952","-1.0224748","-0.12771519","-0.12691726","-0.12457799","-0.12488974"
"cardiometabolic disease complications","-1.0174359","-1.019952","-1.0224748","-0.12771519","-0.12691726","-0.12457799","-0.12488974"
"cardiometabolic diseases","-1.0174359","-1.019952","-1.0224748","-0.12771519","-0.12691726","-0.12457799","-0.12488974"
"cardiometabolic disorders","-1.0174359","-1.019952","-1.0224748","-0.12771519","-0.12691726","-0.12457799","-0.12488974"
"cardiovascular disease","-1.0174359","-1.019952","-1.0224748","-0.12771519","-0.12691726","-0.12457799","-0.12488974"
"cardiovascular diseases","-1.0174359","-1.019952","-1.0224748","-0.12771519","-0.12691726","-0.12457799","-0.12488974"
"celiac disease","-1.0174359","-1.019952","-1.0224748","-0.12771519","-0.12691726","-0.12457799","-0.12488974"
"cervical cancer","-1.0174359","-1.019952","-1.0224748","-0.12771519","-0.12691726","-0.12457799","-0.12488974"
"cervical intraepithelial neoplasia","-1.0174359","-1.019952","-1.0224748","-0.12771519","-0.12691726","-0.12457799","-0.12488974"
"childhood mortality","-1.0174359","-1.019952","-1.0224748","-0.12771519","-0.12691726","-0.12457799","-0.12488974"
"cholecystitis","-1.0174359","-1.019952","-1.0224748","-0.12771519","-0.12691726","-0.12457799","-0.12488974"
"cholera","0.9828629","0.9804382","0.97801924","-0.12771519","-0.12691726","-0.12457799","-0.12488974"
"cholesterol gallstones","-1.0174359","-1.019952","-1.0224748","-0.12771519","-0.12691726","-0.12457799","-0.12488974"
"chronic HIV infection","-1.0174359","-1.019952","-1.0224748","-0.12771519","-0.12691726","-0.12457799","-0.12488974"
"chronic bacteremia","-1.0174359","-1.019952","-1.0224748","-0.12771519","-0.12691726","-0.12457799","-0.12488974"
"chronic constipation","-1.0174359","-1.019952","-1.0224748","-0.12771519","-0.12691726","-0.12457799","-0.12488974"
"chronic gastritis","0.9828629","0.9804382","0.97801924","-0.12771519","-0.12691726","-0.12457799","-0.12488974"
"chronic gastrointestinal inflammation","-1.0174359","-1.019952","-1.0224748","-0.12771519","-0.12691726","-0.12457799","-0.12488974"
"chronic inflammation","-1.0174359","-1.019952","-1.0224748","-0.12771519","-0.12691726","-0.12457799","-0.12488974"
"chronic kidney disease","-1.0174359","-1.019952","-1.0224748","-0.12771519","-0.12691726","-0.12457799","-0.12488974"
"chronic nonbacterial prostate inflammation","-1.0174359","-1.019952","-1.0224748","-0.12771519","-0.12691726","-0.12457799","-0.12488974"
"chronic pancreatitis","-1.0174359","-1.019952","-1.0224748","-0.12771519","-0.12691726","-0.12457799","-0.12488974"
"cirrhosis","-1.0174359","-1.019952","-1.0224748","-0.12771519","-0.12691726","-0.12457799","-0.12488974"
"coeliac disease","-1.0174359","-1.019952","-1.0224748","-0.12771519","-0.12691726","-0.12457799","-0.12488974"
"cognitive decline","-1.0174359","-1.019952","-1.0224748","-0.12771519","-0.12691726","-0.12457799","-0.12488974"
"cognitive deficits","-1.0174359","-1.019952","-1.0224748","-0.12771519","-0.12691726","-0.12457799","-0.12488974"
"cognitive impairment","-1.0174359","-1.019952","-1.0224748","-0.12771519","-0.12691726","-0.12457799","-0.12488974"
"colitis","0.9828629","0.9804382","0.97801924","7.829923","7.332852","7.164919","6.9940104"
"colitis associated colon cancer","-1.0174359","-1.019952","-1.0224748","-0.12771519","-0.12691726","-0.12457799","-0.12488974"
"colitis-associated cancer","-1.0174359","-1.019952","-1.0224748","-0.12771519","-0.12691726","-0.12457799","-0.12488974"
"colon adenocarcinoma","0.9828629","0.9804382","0.97801924","-0.12771519","-0.12691726","-0.12457799","-0.12488974"
"colon cancer","-1.0174359","-1.019952","-1.0224748","-0.12771519","-0.12691726","-0.12457799","-0.12488974"
"colon health","-1.0174359","-1.019952","-1.0224748","-0.12771519","-0.12691726","-0.12457799","-0.12488974"
"colon neoplasms","-1.0174359","-1.019952","-1.0224748","-0.12771519","-0.12691726","-0.12457799","-0.12488974"
"colonic inflammation","-1.0174359","-1.019952","-1.0224748","-0.12771519","-0.12691726","-0.12457799","-0.12488974"
"colorectal adenoma","-1.0174359","-1.019952","-1.0224748","-0.12771519","-0.12691726","-0.12457799","-0.12488974"
"colorectal adenomas","-1.0174359","-1.019952","-1.0224748","-0.12771519","-0.12691726","-0.12457799","-0.12488974"
"colorectal cancer","-1.0174359","-1.019952","-1.0224748","-0.12771519","-0.12691726","-0.12457799","-0.12488974"
"colorectal carcinoma","-1.0174359","-1.019952","-1.0224748","-0.12771519","-0.12691726","-0.12457799","-0.12488974"
"constipated-irritable bowel syndrome","-1.0174359","-1.019952","-1.0224748","-0.12771519","-0.12691726","-0.12457799","-0.12488974"
"constipation","-1.0174359","-1.019952","-1.0224748","-0.12771519","-0.12691726","-0.12457799","-0.12488974"
"coronary artery disease","-1.0174359","-1.019952","-1.0224748","-0.12771519","-0.12691726","-0.12457799","-0.12488974"
"coronary heart disease","-1.0174359","-1.019952","-1.0224748","-0.12771519","-0.12691726","-0.12457799","-0.12488974"
"coronary heart disease complicated with nonalcoholic fatty liver disease","-1.0174359","-1.019952","-1.0224748","-0.12771519","-0.12691726","-0.12457799","-0.12488974"
"cow milk protein allergy","-1.0174359","-1.019952","-1.0224748","-0.12771519","-0.12691726","-0.12457799","-0.12488974"
"cystic fibrosis","-1.0174359","-1.019952","-1.0224748","-0.12771519","-0.12691726","-0.12457799","-0.12488974"
"depression","-1.0174359","-1.019952","-1.0224748","-0.12771519","-0.12691726","-0.12457799","-0.12488974"
"dextran sulphate sodium-induced colitis","-1.0174359","-1.019952","-1.0224748","-0.12771519","-0.12691726","-0.12457799","-0.12488974"
"diabetes","-1.0174359","-1.019952","-1.0224748","-0.12771519","-0.12691726","-0.12457799","-0.12488974"
"diabetes mellitus","0.9828629","0.9804382","0.97801924","-0.12771519","-0.12691726","-0.12457799","-0.12488974"
"diarrhea","-1.0174359","-1.019952","-1.0224748","-0.12771519","-0.12691726","-0.12457799","-0.12488974"
"diarrhea-predominant irritable bowel syndrome","-1.0174359","-1.019952","-1.0224748","-0.12771519","-0.12691726","-0.12457799","-0.12488974"
"diarrheal diseases","-1.0174359","-1.019952","-1.0224748","-0.12771519","-0.12691726","-0.12457799","-0.12488974"
"diet-induced obesity","-1.0174359","-1.019952","-1.0224748","-0.12771519","-0.12691726","-0.12457799","-0.12488974"
"diverticular disease","-1.0174359","-1.019952","-1.0224748","-0.12771519","-0.12691726","-0.12457799","-0.12488974"
"dry skin","-1.0174359","-1.019952","-1.0224748","-0.12771519","-0.12691726","-0.12457799","-0.12488974"
"duodenal ulcer","-1.0174359","-1.019952","-1.0224748","-0.12771519","-0.12691726","-0.12457799","-0.12488974"
"dysbiosis","-1.0174359","-1.019952","-1.0224748","-0.12771519","-0.12691726","-0.12457799","-0.12488974"
"dysenteric diarrhea","-1.0174359","-1.019952","-1.0224748","-0.12771519","-0.12691726","-0.12457799","-0.12488974"
"dyslipidemia","-1.0174359","-1.019952","-1.0224748","-0.12771519","-0.12691726","-0.12457799","-0.12488974"
"early-stage lung cancer","-1.0174359","-1.019952","-1.0224748","-0.12771519","-0.12691726","-0.12457799","-0.12488974"
"eczema","0.9828629","0.9804382","0.97801924","7.829923","6.7411866","5.429183","5.7303414"
"end stage renal disease","-1.0174359","-1.019952","-1.0224748","-0.12771519","-0.12691726","-0.12457799","-0.12488974"
"endocarditis","0.9828629","0.9804382","0.97801924","-0.12771519","-0.12691726","-0.12457799","-0.12488974"
"endometrial cancer","-1.0174359","-1.019952","-1.0224748","-0.12771519","-0.12691726","-0.12457799","-0.12488974"
"endotoxemia","-1.0174359","-1.019952","-1.0224748","-0.12771519","-0.12691726","-0.12457799","-0.12488974"
"enteritis","-1.0174359","-1.019952","-1.0224748","-0.12771519","-0.12691726","-0.12457799","-0.12488974"
"esophageal squamous cell carcinoma","0.9828629","0.9804382","0.97801924","-0.12771519","-0.12691726","-0.12457799","-0.12488974"
"exercise economy impairment","-1.0174359","-1.019952","-1.0224748","-0.12771519","-0.12691726","-0.12457799","-0.12488974"
"exercise-induced fatigue","-1.0174359","-1.019952","-1.0224748","-0.12771519","-0.12691726","-0.12457799","-0.12488974"
"experimental autoimmune encephalomyelitis","-1.0174359","-1.019952","-1.0224748","-0.12771519","-0.12691726","-0.12457799","-0.12488974"
"familial Mediterranean fever","-1.0174359","-1.019952","-1.0224748","-0.12771519","-0.12691726","-0.12457799","-0.12488974"
"febrile episodes","-1.0174359","-1.019952","-1.0224748","-0.12771519","-0.12691726","-0.12457799","-0.12488974"
"fibrosis","-1.0174359","-1.019952","-1.0224748","-0.12771519","-0.12691726","-0.12457799","-0.12488974"
"food allergy","-1.0174359","-1.019952","-1.0224748","-0.12771519","-0.12691726","-0.12457799","-0.12488974"
"functional constipation","-1.0174359","-1.019952","-1.0224748","-0.12771519","-0.12691726","-0.12457799","-0.12488974"
"fungal Keratitis","-1.0174359","-1.019952","-1.0224748","-0.12771519","-0.12691726","-0.12457799","-0.12488974"
"gallbladder cancer","-1.0174359","-1.019952","-1.0224748","-0.12771519","-0.12691726","-0.12457799","-0.12488974"
"gastric adenocarcinoma","-1.0174359","-1.019952","-1.0224748","-0.12771519","-0.12691726","-0.12457799","-0.12488974"
"gastric cancer","-1.0174359","-1.019952","-1.0224748","-0.12771519","-0.12691726","-0.12457799","-0.12488974"
"gastric carcinoma","-1.0174359","-1.019952","-1.0224748","-0.12771519","-0.12691726","-0.12457799","-0.12488974"
"gastric mucosa-associated lymphoid tissue lymphoma","-1.0174359","-1.019952","-1.0224748","-0.12771519","-0.12691726","-0.12457799","-0.12488974"
"gastric ulcer","-1.0174359","-1.019952","-1.0224748","-0.12771519","-0.12691726","-0.12457799","-0.12488974"
"gastro-oesophageal reflux disease","0.9828629","0.9804382","0.97801924","-0.12771519","-0.12691726","-0.12457799","-0.12488974"
"gastroduodenal ulcers","-1.0174359","-1.019952","-1.0224748","-0.12771519","-0.12691726","-0.12457799","-0.12488974"
"gastrointestinal discomfort","-1.0174359","-1.019952","-1.0224748","-0.12771519","-0.12691726","-0.12457799","-0.12488974"
"gastrointestinal diseases","-1.0174359","-1.019952","-1.0224748","-0.12771519","-0.12691726","-0.12457799","-0.12488974"
"gastrointestinal disorders","-1.0174359","-1.019952","-1.0224748","-0.12771519","-0.12691726","-0.12457799","-0.12488974"
"gastrointestinal distress","-1.0174359","-1.019952","-1.0224748","-0.12771519","-0.12691726","-0.12457799","-0.12488974"
"gastrointestinal dysfunction","-1.0174359","-1.019952","-1.0224748","-0.12771519","-0.12691726","-0.12457799","-0.12488974"
"gastrointestinal helminth infections","-1.0174359","-1.019952","-1.0224748","-0.12771519","-0.12691726","-0.12457799","-0.12488974"
"gastrointestinal infections","-1.0174359","-1.019952","-1.0224748","-0.12771519","-0.12691726","-0.12457799","-0.12488974"
"gastrointestinal symptoms","-1.0174359","-1.019952","-1.0224748","-0.12771519","-0.12691726","-0.12457799","-0.12488974"
"gastrointestinal tract infections","-1.0174359","-1.019952","-1.0224748","-0.12771519","-0.12691726","-0.12457799","-0.12488974"
"gestational diabetes mellitus","-1.0174359","-1.019952","-1.0224748","-0.12771519","-0.12691726","-0.12457799","-0.12488974"
"gingival squamous cell carcinoma","-1.0174359","-1.019952","-1.0224748","-0.12771519","-0.12691726","-0.12457799","-0.12488974"
"glucose metabolism disorder","-1.0174359","-1.019952","-1.0224748","-0.12771519","-0.12691726","-0.12457799","-0.12488974"
"gut dysbiosis","-1.0174359","-1.019952","-1.0224748","-0.12771519","-0.12691726","-0.12457799","-0.12488974"
"gut microbiota dysbiosis","-1.0174359","-1.019952","-1.0224748","-0.12771519","-0.12691726","-0.12457799","-0.12488974"
"gut-related conditions","-1.0174359","-1.019952","-1.0224748","-0.12771519","-0.12691726","-0.12457799","-0.12488974"
"harmful enzyme production","-1.0174359","-1.019952","-1.0224748","-0.12771519","-0.12691726","-0.12457799","-0.12488974"
"head and neck squamous cell carcinoma","-1.0174359","-1.019952","-1.0224748","-0.12771519","-0.12691726","-0.12457799","-0.12488974"
"head and neck squamous cell carcinomas","-1.0174359","-1.019952","-1.0224748","-0.12771519","-0.12691726","-0.12457799","-0.12488974"
"heavy metal exposure","-1.0174359","-1.019952","-1.0224748","-0.12771519","-0.12691726","-0.12457799","-0.12488974"
"hepatic diseases","-1.0174359","-1.019952","-1.0224748","-0.12771519","-0.12691726","-0.12457799","-0.12488974"
"hepatic lipid metabolism disorder","-1.0174359","-1.019952","-1.0224748","-0.12771519","-0.12691726","-0.12457799","-0.12488974"
"hepatic steatosis","-1.0174359","-1.019952","-1.0224748","-0.12771519","-0.12691726","-0.12457799","-0.12488974"
"hepatic toxicity","-1.0174359","-1.019952","-1.0224748","-0.12771519","-0.12691726","-0.12457799","-0.12488974"
"hepatitis B cirrhosis treated with liver transplant","-1.0174359","-1.019952","-1.0224748","-0.12771519","-0.12691726","-0.12457799","-0.12488974"
"hepatitis B virus-related decompensated cirrhosis","-1.0174359","-1.019952","-1.0224748","-0.12771519","-0.12691726","-0.12457799","-0.12488974"
"hepatocellular carcinoma","-1.0174359","-1.019952","-1.0224748","-0.12771519","-0.12691726","-0.12457799","-0.12488974"
"high-grade squamous intraepithelial lesion","-1.0174359","-1.019952","-1.0224748","-0.12771519","-0.12691726","-0.12457799","-0.12488974"
"human papilloma virus infection","-1.0174359","-1.019952","-1.0224748","-0.12771519","-0.12691726","-0.12457799","-0.12488974"
"hyperemesis, dyspepsia, gastric discomfort","-1.0174359","-1.019952","-1.0224748","-0.12771519","-0.12691726","-0.12457799","-0.12488974"
"hyperglycemia","-1.0174359","-1.019952","-1.0224748","-0.12771519","-0.12691726","-0.12457799","-0.12488974"
"hypertension","-1.0174359","-1.019952","-1.0224748","-0.12771519","-0.12691726","-0.12457799","-0.12488974"
"hyperthyroidism","0.9828629","0.9804382","0.97801924","-0.12771519","-0.12691726","-0.12457799","-0.12488974"
"immune suppression","-1.0174359","-1.019952","-1.0224748","-0.12771519","-0.12691726","-0.12457799","-0.12488974"
"immune system diseases","-1.0174359","-1.019952","-1.0224748","-0.12771519","-0.12691726","-0.12457799","-0.12488974"
"immunological diseases","-1.0174359","-1.019952","-1.0224748","-0.12771519","-0.12691726","-0.12457799","-0.12488974"
"immunosenescence","-1.0174359","-1.019952","-1.0224748","-0.12771519","-0.12691726","-0.12457799","-0.12488974"
"impaired lipid and glucose metabolism","-1.0174359","-1.019952","-1.0224748","-0.12771519","-0.12691726","-0.12457799","-0.12488974"
"infant botulism","-1.0174359","-1.019952","-1.0224748","-0.12771519","-0.12691726","-0.12457799","-0.12488974"
"infant colic","-1.0174359","-1.019952","-1.0224748","-0.12771519","-0.12691726","-0.12457799","-0.12488974"
"infection","0.9828629","0.9804382","0.97801924","-0.12771519","-0.12691726","-0.12457799","-0.12488974"
"infectious colitis","-1.0174359","-1.019952","-1.0224748","-0.12771519","-0.12691726","-0.12457799","-0.12488974"
"infectious diarrhea","-1.0174359","-1.019952","-1.0224748","-0.12771519","-0.12691726","-0.12457799","-0.12488974"
"infectious diseases","-1.0174359","-1.019952","-1.0224748","-0.12771519","-0.12691726","-0.12457799","-0.12488974"
"inflammation","-1.0174359","-1.019952","-1.0224748","-0.12771519","-0.12691726","-0.12457799","-0.12488974"
"inflammatory bowel disease","-1.0174359","-1.019952","-1.0224748","-0.12771519","-0.12691726","-0.12457799","-0.12488974"
"inflammatory bowel diseases","-1.0174359","-1.019952","-1.0224748","-0.12771519","-0.12691726","-0.12457799","-0.12488974"
"inflammatory diseases","-1.0174359","-1.019952","-1.0224748","-0.12771519","-0.12691726","-0.12457799","-0.12488974"
"insulin resistance","-1.0174359","-1.019952","-1.0224748","-0.12771519","-0.12691726","-0.12457799","-0.12488974"
"intestinal atrophy","-1.0174359","-1.019952","-1.0224748","-0.12771519","-0.12691726","-0.12457799","-0.12488974"
"intestinal bowel diseases","-1.0174359","-1.019952","-1.0224748","-0.12771519","-0.12691726","-0.12457799","-0.12488974"
"intestinal discomfort","-1.0174359","-1.019952","-1.0224748","-0.12771519","-0.12691726","-0.12457799","-0.12488974"
"intestinal health","-1.0174359","-1.019952","-1.0224748","-0.12771519","-0.12691726","-0.12457799","-0.12488974"
"intestinal immune dysfunction","-1.0174359","-1.019952","-1.0224748","-0.12771519","-0.12691726","-0.12457799","-0.12488974"
"intestinal infection","-1.0174359","-1.019952","-1.0224748","-0.12771519","-0.12691726","-0.12457799","-0.12488974"
"intestinal inflammation","-1.0174359","-1.019952","-1.0224748","-0.12771519","-0.12691726","-0.12457799","-0.12488974"
"intestinal metabolic perturbation","-1.0174359","-1.019952","-1.0224748","-0.12771519","-0.12691726","-0.12457799","-0.12488974"
"intestinal microbiota dysbiosis","-1.0174359","-1.019952","-1.0224748","-0.12771519","-0.12691726","-0.12457799","-0.12488974"
"intestinal microbiota imbalance","-1.0174359","-1.019952","-1.0224748","-0.12771519","-0.12691726","-0.12457799","-0.12488974"
"intestinal microflora dysfunction","-1.0174359","-1.019952","-1.0224748","-0.12771519","-0.12691726","-0.12457799","-0.12488974"
"intestinal permeability","-1.0174359","-1.019952","-1.0224748","-0.12771519","-0.12691726","-0.12457799","-0.12488974"
"intestinal polyps","-1.0174359","-1.019952","-1.0224748","-0.12771519","-0.12691726","-0.12457799","-0.12488974"
"iron-deficiency anaemia","-1.0174359","-1.019952","-1.0224748","-0.12771519","-0.12691726","-0.12457799","-0.12488974"
"irritable bowel syndrome","-1.0174359","-1.019952","-1.0224748","-0.12771519","-0.12691726","-0.12457799","-0.12488974"
"ischemic heart disease","-1.0174359","-1.019952","-1.0224748","-0.12771519","-0.12691726","-0.12457799","-0.12488974"
"lactose intolerance","-1.0174359","-1.019952","-1.0224748","-0.12771519","-0.12691726","-0.12457799","-0.12488974"
"laryngeal cancer","-1.0174359","-1.019952","-1.0224748","-0.12771519","-0.12691726","-0.12457799","-0.12488974"
"laryngeal carcinoma","-1.0174359","-1.019952","-1.0224748","-0.12771519","-0.12691726","-0.12457799","-0.12488974"
"leukemia","-1.0174359","-1.019952","-1.0224748","-0.12771519","-0.12691726","-0.12457799","-0.12488974"
"lipid metabolism disorder","-1.0174359","-1.019952","-1.0224748","-0.12771519","-0.12691726","-0.12457799","-0.12488974"
"lipid metabolism dysfunction","-1.0174359","-1.019952","-1.0224748","-0.12771519","-0.12691726","-0.12457799","-0.12488974"
"liver cancer","-1.0174359","-1.019952","-1.0224748","-0.12771519","-0.12691726","-0.12457799","-0.12488974"
"liver carcinoma","-1.0174359","-1.019952","-1.0224748","-0.12771519","-0.12691726","-0.12457799","-0.12488974"
"liver cirrhosis","-1.0174359","-1.019952","-1.0224748","-0.12771519","-0.12691726","-0.12457799","-0.12488974"
"liver disease","0.9828629","0.9804382","0.97801924","-0.12771519","-0.12691726","-0.12457799","-0.12488974"
"liver inflammation","-1.0174359","-1.019952","-1.0224748","-0.12771519","-0.12691726","-0.12457799","-0.12488974"
"low-grade inflammation","-1.0174359","-1.019952","-1.0224748","-0.12771519","-0.12691726","-0.12457799","-0.12488974"
"lung cancer","-1.0174359","-1.019952","-1.0224748","-0.12771519","-0.12691726","-0.12457799","-0.12488974"
"major depressive disorder","-1.0174359","-1.019952","-1.0224748","-0.12771519","-0.12691726","-0.12457799","-0.12488974"
"meningitis","-1.0174359","-1.019952","-1.0224748","-0.12771519","-0.12691726","-0.12457799","-0.12488974"
"metabolic diseases","-1.0174359","-1.019952","-1.0224748","-0.12771519","-0.12691726","-0.12457799","-0.12488974"
"metabolic disorder","-1.0174359","-1.019952","-1.0224748","-0.12771519","-0.12691726","-0.12457799","-0.12488974"
"metabolic disorders","-1.0174359","-1.019952","-1.0224748","-0.12771519","-0.12691726","-0.12457799","-0.12488974"
"metabolic syndrome","-1.0174359","-1.019952","-1.0224748","-0.12771519","-0.12691726","-0.12457799","-0.12488974"
"microbiota imbalance","-1.0174359","-1.019952","-1.0224748","-0.12771519","-0.12691726","-0.12457799","-0.12488974"
"milk allergy","-1.0174359","-1.019952","-1.0224748","-0.12771519","-0.12691726","-0.12457799","-0.12488974"
"multiple sclerosis","-1.0174359","-1.019952","-1.0224748","-0.12771519","-0.12691726","-0.12457799","-0.12488974"
"myalgic encephalomyelitis/chronic fatigue syndrome","-1.0174359","-1.019952","-1.0224748","-0.12771519","-0.12691726","-0.12457799","-0.12488974"
"myelination impairments","-1.0174359","-1.019952","-1.0224748","-0.12771519","-0.12691726","-0.12457799","-0.12488974"
"necrotising enterocolitis","-1.0174359","-1.019952","-1.0224748","-0.12771519","-0.12691726","-0.12457799","-0.12488974"
"necrotizing enterocolitis","-1.0174359","-1.019952","-1.0224748","-0.12771519","-0.12691726","-0.12457799","-0.12488974"
"necrotizing fasciitis","-1.0174359","-1.019952","-1.0224748","-0.12771519","-0.12691726","-0.12457799","-0.12488974"
"neonatal infection","-1.0174359","-1.019952","-1.0224748","-0.12771519","-0.12691726","-0.12457799","-0.12488974"
"neuroblastoma","-1.0174359","-1.019952","-1.0224748","-0.12771519","-0.12691726","-0.12457799","-0.12488974"
"neuromyelitis optica","-1.0174359","-1.019952","-1.0224748","-0.12771519","-0.12691726","-0.12457799","-0.12488974"
"neuropathology","-1.0174359","-1.019952","-1.0224748","-0.12771519","-0.12691726","-0.12457799","-0.12488974"
"non-HBV non-HCV related hepatocellular carcinoma","-1.0174359","-1.019952","-1.0224748","-0.12771519","-0.12691726","-0.12457799","-0.12488974"
"non-alcoholic fatty liver disease","-1.0174359","-1.019952","-1.0224748","-0.12771519","-0.12691726","-0.12457799","-0.12488974"
"non-alcoholic steatohepatitis","0.9828629","0.9804382","0.97801924","-0.12771519","-0.12691726","-0.12457799","-0.12488974"
"non-celiac gluten sensitivity","-1.0174359","-1.019952","-1.0224748","-0.12771519","-0.12691726","-0.12457799","-0.12488974"
"nonalcoholic steatohepatitis","-1.0174359","-1.019952","-1.0224748","-0.12771519","-0.12691726","-0.12457799","-0.12488974"
"nosocomial diarrhea","-1.0174359","-1.019952","-1.0224748","-0.12771519","-0.12691726","-0.12457799","-0.12488974"
"nosocomial infections","-1.0174359","-1.019952","-1.0224748","-0.12771519","-0.12691726","-0.12457799","-0.12488974"
"obesity","-1.0174359","-1.019952","-1.0224748","-0.12771519","-0.12691726","-0.12457799","-0.12488974"
"oesophageal adenocarcinoma","0.9828629","0.9804382","0.97801924","-0.12771519","-0.12691726","-0.12457799","-0.12488974"
"oesophageal squamous cell carcinoma","-1.0174359","-1.019952","-1.0224748","-0.12771519","-0.12691726","-0.12457799","-0.12488974"
"opportunistic pathogen infection","-1.0174359","-1.019952","-1.0224748","-0.12771519","-0.12691726","-0.12457799","-0.12488974"
"opportunistic pulmonary infections","-1.0174359","-1.019952","-1.0224748","-0.12771519","-0.12691726","-0.12457799","-0.12488974"
"oral cancer","-1.0174359","-1.019952","-1.0224748","-0.12771519","-0.12691726","-0.12457799","-0.12488974"
"oral squamous cell carcinoma","-1.0174359","-1.019952","-1.0224748","-0.12771519","-0.12691726","-0.12457799","-0.12488974"
"oral tongue cancer","-1.0174359","-1.019952","-1.0224748","-0.12771519","-0.12691726","-0.12457799","-0.12488974"
"oropharyngeal cancer","-1.0174359","-1.019952","-1.0224748","-0.12771519","-0.12691726","-0.12457799","-0.12488974"
"osmotic diarrhea","-1.0174359","-1.019952","-1.0224748","-0.12771519","-0.12691726","-0.12457799","-0.12488974"
"osteoarthritis","-1.0174359","-1.019952","-1.0224748","-0.12771519","-0.12691726","-0.12457799","-0.12488974"
"osteoporosis","-1.0174359","-1.019952","-1.0224748","-0.12771519","-0.12691726","-0.12457799","-0.12488974"
"ovarian cancer","-1.0174359","-1.019952","-1.0224748","-0.12771519","-0.12691726","-0.12457799","-0.12488974"
"ovarian carcinoma","-1.0174359","-1.019952","-1.0224748","-0.12771519","-0.12691726","-0.12457799","-0.12488974"
"overweight","-1.0174359","-1.019952","-1.0224748","-0.12771519","-0.12691726","-0.12457799","-0.12488974"
"oxidative stress-related ailments","-1.0174359","-1.019952","-1.0224748","-0.12771519","-0.12691726","-0.12457799","-0.12488974"
"pancreatic cancer","-1.0174359","-1.019952","-1.0224748","-0.12771519","-0.12691726","-0.12457799","-0.12488974"
"pancreatic head cancer","-1.0174359","-1.019952","-1.0224748","-0.12771519","-0.12691726","-0.12457799","-0.12488974"
"pediatric multiple sclerosis","-1.0174359","-1.019952","-1.0224748","-0.12771519","-0.12691726","-0.12457799","-0.12488974"
"pediatric obesity","-1.0174359","-1.019952","-1.0224748","-0.12771519","-0.12691726","-0.12457799","-0.12488974"
"peptic ulcer","0.9828629","0.9804382","0.97801924","7.829923","7.460543","6.8767786","7.1678076"
"peptic ulcer disease","-1.0174359","-1.019952","-1.0224748","-0.12771519","-0.12691726","-0.12457799","-0.12488974"
"perceived stress","-1.0174359","-1.019952","-1.0224748","-0.12771519","-0.12691726","-0.12457799","-0.12488974"
"periodontitis","0.9828629","0.9804382","0.97801924","-0.12771519","-0.12691726","-0.12457799","-0.12488974"
"photo-ageing","-1.0174359","-1.019952","-1.0224748","-0.12771519","-0.12691726","-0.12457799","-0.12488974"
"plaque psoriasis","-1.0174359","-1.019952","-1.0224748","-0.12771519","-0.12691726","-0.12457799","-0.12488974"
"pneumonia","-1.0174359","-1.019952","-1.0224748","-0.12771519","-0.12691726","-0.12457799","-0.12488974"
"postoperative delirium","-1.0174359","-1.019952","-1.0224748","-0.12771519","-0.12691726","-0.12457799","-0.12488974"
"posttransplant complications","-1.0174359","-1.019952","-1.0224748","-0.12771519","-0.12691726","-0.12457799","-0.12488974"
"posttransplant diarrhea","-1.0174359","-1.019952","-1.0224748","-0.12771519","-0.12691726","-0.12457799","-0.12488974"
"pouchitis","-1.0174359","-1.019952","-1.0224748","-0.12771519","-0.12691726","-0.12457799","-0.12488974"
"pre-cancerous pancreatic lesions","-1.0174359","-1.019952","-1.0224748","-0.12771519","-0.12691726","-0.12457799","-0.12488974"
"preeclampsia","-1.0174359","-1.019952","-1.0224748","-0.12771519","-0.12691726","-0.12457799","-0.12488974"
"pregnancy-related gastrointestinal issues","-1.0174359","-1.019952","-1.0224748","-0.12771519","-0.12691726","-0.12457799","-0.12488974"
"preterm infant gut dysbiosis","-1.0174359","-1.019952","-1.0224748","-0.12771519","-0.12691726","-0.12457799","-0.12488974"
"primary Sjogrens syndrome","-1.0174359","-1.019952","-1.0224748","-0.12771519","-0.12691726","-0.12457799","-0.12488974"
"primary biliary cholangitis","-1.0174359","-1.019952","-1.0224748","-0.12771519","-0.12691726","-0.12457799","-0.12488974"
"primary liver cancer","-1.0174359","-1.019952","-1.0224748","-0.12771519","-0.12691726","-0.12457799","-0.12488974"
"primary sclerosing cholangitis","-1.0174359","-1.019952","-1.0224748","-0.12771519","-0.12691726","-0.12457799","-0.12488974"
"prostate cancer","-1.0174359","-1.019952","-1.0224748","-0.12771519","-0.12691726","-0.12457799","-0.12488974"
"protein-energy undernutrition","-1.0174359","-1.019952","-1.0224748","-0.12771519","-0.12691726","-0.12457799","-0.12488974"
"pseudomembraneous colitis","-1.0174359","-1.019952","-1.0224748","-0.12771519","-0.12691726","-0.12457799","-0.12488974"
"psoriasis","-1.0174359","-1.019952","-1.0224748","-0.12771519","-0.12691726","-0.12457799","-0.12488974"
"pyogenic liver abscess","-1.0174359","-1.019952","-1.0224748","-0.12771519","-0.12691726","-0.12457799","-0.12488974"
"reactive hypoglycemia","-1.0174359","-1.019952","-1.0224748","-0.12771519","-0.12691726","-0.12457799","-0.12488974"
"rectal cancer","-1.0174359","-1.019952","-1.0224748","-0.12771519","-0.12691726","-0.12457799","-0.12488974"
"rectal neoplasms","0.9828629","0.9804382","0.97801924","-0.12771519","-0.12691726","-0.12457799","-0.12488974"
"recurrent wheeze","0.9828629","0.9804382","0.97801924","-0.12771519","-0.12691726","-0.12457799","-0.12488974"
"refractory epilepsy","-1.0174359","-1.019952","-1.0224748","-0.12771519","-0.12691726","-0.12457799","-0.12488974"
"relapsing-remitting multiple sclerosis","-1.0174359","-1.019952","-1.0224748","-0.12771519","-0.12691726","-0.12457799","-0.12488974"
"respiratory infections","-1.0174359","-1.019952","-1.0224748","-0.12771519","-0.12691726","-0.12457799","-0.12488974"
"respiratory tract infections","0.9828629","0.9804382","0.97801924","-0.12771519","-0.12691726","-0.12457799","-0.12488974"
"rheumatoid arthritis","-1.0174359","-1.019952","-1.0224748","-0.12771519","-0.12691726","-0.12457799","-0.12488974"
"sarcopenia","-1.0174359","-1.019952","-1.0224748","-0.12771519","-0.12691726","-0.12457799","-0.12488974"
"sepsis","-1.0174359","-1.019952","-1.0224748","-0.12771519","-0.12691726","-0.12457799","-0.12488974"
"septicemia","-1.0174359","-1.019952","-1.0224748","-0.12771519","-0.12691726","-0.12457799","-0.12488974"
"severe acute malnutrition","-1.0174359","-1.019952","-1.0224748","-0.12771519","-0.12691726","-0.12457799","-0.12488974"
"severe skin and soft tissue infection","0.9828629","0.9804382","0.97801924","-0.12771519","-0.12691726","-0.12457799","-0.12488974"
"sinusitis","0.9828629","0.9804382","0.97801924","-0.12771519","-0.12691726","-0.12457799","-0.12488974"
"skin diseases","-1.0174359","-1.019952","-1.0224748","-0.12771519","-0.12691726","-0.12457799","-0.12488974"
"slow gastrointestinal transit","-1.0174359","-1.019952","-1.0224748","-0.12771519","-0.12691726","-0.12457799","-0.12488974"
"small intestinal mucositis","-1.0174359","-1.019952","-1.0224748","-0.12771519","-0.12691726","-0.12457799","-0.12488974"
"spondyloarthropathies","-1.0174359","-1.019952","-1.0224748","-0.12771519","-0.12691726","-0.12457799","-0.12488974"
"spontaneous bacterial peritonitis","-1.0174359","-1.019952","-1.0224748","-0.12771519","-0.12691726","-0.12457799","-0.12488974"
"squamous cell carcinoma","-1.0174359","-1.019952","-1.0224748","-0.12771519","-0.12691726","-0.12457799","-0.12488974"
"stomach adenocarcinoma","-1.0174359","-1.019952","-1.0224748","-0.12771519","-0.12691726","-0.12457799","-0.12488974"
"stomach cancer","-1.0174359","-1.019952","-1.0224748","-0.12771519","-0.12691726","-0.12457799","-0.12488974"
"stomach neoplasms","0.9828629","0.9804382","0.97801924","-0.12771519","-0.12691726","-0.12457799","-0.12488974"
"stress and depression","-1.0174359","-1.019952","-1.0224748","-0.12771519","-0.12691726","-0.12457799","-0.12488974"
"stress-induced responses","-1.0174359","-1.019952","-1.0224748","-0.12771519","-0.12691726","-0.12457799","-0.12488974"
"surgical site infections","-1.0174359","-1.019952","-1.0224748","-0.12771519","-0.12691726","-0.12457799","-0.12488974"
"surgical-wound contamination","-1.0174359","-1.019952","-1.0224748","-0.12771519","-0.12691726","-0.12457799","-0.12488974"
"systemic inflammation","-1.0174359","-1.019952","-1.0224748","-0.12771519","-0.12691726","-0.12457799","-0.12488974"
"systemic lupus erythematosus","-1.0174359","-1.019952","-1.0224748","-0.12771519","-0.12691726","-0.12457799","-0.12488974"
"throat cancer","-1.0174359","-1.019952","-1.0224748","-0.12771519","-0.12691726","-0.12457799","-0.12488974"
"thrombosis","0.9828629","0.9804382","0.97801924","-0.12771519","-0.12691726","-0.12457799","-0.12488974"
"thyroid cancer","-1.0174359","-1.019952","-1.0224748","-0.12771519","-0.12691726","-0.12457799","-0.12488974"
"thyroid carcinoma","-1.0174359","-1.019952","-1.0224748","-0.12771519","-0.12691726","-0.12457799","-0.12488974"
"thyroid nodules","-1.0174359","-1.019952","-1.0224748","-0.12771519","-0.12691726","-0.12457799","-0.12488974"
"trench fever","0.9828629","0.9804382","0.97801924","-0.12771519","-0.12691726","-0.12457799","-0.12488974"
"triple negative breast cancer (TNBC)","-1.0174359","-1.019952","-1.0224748","-0.12771519","-0.12691726","-0.12457799","-0.12488974"
"type 1 diabetes","-1.0174359","-1.019952","-1.0224748","-0.12771519","-0.12691726","-0.12457799","-0.12488974"
"type 1 diabetes mellitus","-1.0174359","-1.019952","-1.0224748","-0.12771519","-0.12691726","-0.12457799","-0.12488974"
"type 2 diabetes","-1.0174359","-1.019952","-1.0224748","-0.12771519","-0.12691726","-0.12457799","-0.12488974"
"type 2 diabetes mellitus","-1.0174359","-1.019952","-1.0224748","-0.12771519","-0.12691726","-0.12457799","-0.12488974"
"type II diabetes","-1.0174359","-1.019952","-1.0224748","-0.12771519","-0.12691726","-0.12457799","-0.12488974"
"type-2 diabetes mellitus (T2DM)","-1.0174359","-1.019952","-1.0224748","-0.12771519","-0.12691726","-0.12457799","-0.12488974"
"typhoid fever","-1.0174359","-1.019952","-1.0224748","-0.12771519","-0.12691726","-0.12457799","-0.12488974"
"ulcerative colitis","-1.0174359","-1.019952","-1.0224748","-0.12771519","-0.12691726","-0.12457799","-0.12488974"
"urinary incontinence","-1.0174359","-1.019952","-1.0224748","-0.12771519","-0.12691726","-0.12457799","-0.12488974"
"urinary tract infection","0.9828629","0.9804382","0.97801924","-0.12771519","-0.12691726","-0.12457799","-0.12488974"
"ventilator-associated pneumonia","-1.0174359","-1.019952","-1.0224748","-0.12771519","-0.12691726","-0.12457799","-0.12488974"
"viral diarrhea","0.9828629","0.9804382","0.97801924","-0.12771519","-0.12691726","-0.12457799","-0.12488974"
"wound infection","-1.0174359","-1.019952","-1.0224748","-0.12771519","-0.12691726","-0.12457799","-0.12488974"
